Country Code,Country Name,Region,Domain,Base_2030,Optimistic_2030,Pessimistic_2030,Composite_Base,Composite_Opt,Composite_Pess,Data_Type
ALB,Albania,Europe,Climate & Energy,0.7305756132424452,0.740582921350766,0.7205683051341245,0.7025799340414682,0.7339050277837526,0.6712548402991838,Actual
ALB,Albania,Europe,Digital Infrastructure,0.8407271991403462,0.8683707917012378,0.8130836065794547,0.7025799340414682,0.7339050277837526,0.6712548402991838,Actual
ALB,Albania,Europe,Economic Fragility,0.7258113121380112,0.7439202353769212,0.7077023888991012,0.7025799340414682,0.7339050277837526,0.6712548402991838,Actual
ALB,Albania,Europe,Food Security,0.8382936991799674,0.9086671522305643,0.7679202461293706,0.7025799340414682,0.7339050277837526,0.6712548402991838,Actual
ALB,Albania,Europe,Healthcare,0.32571063146022716,0.35178028844064035,0.29964097447981397,0.7025799340414682,0.7339050277837526,0.6712548402991838,Actual
ALB,Albania,Europe,Political Stability,0.7543611490878117,0.7901087776023855,0.7186135205732379,0.7025799340414682,0.7339050277837526,0.6712548402991838,Actual
ARE,United Arab Emirates,Middle East,Climate & Energy,0.7262148511546673,0.7628398092752966,0.6895898930340381,0.7605837740424971,0.7928655690685039,0.7283019790164902,Actual
ARE,United Arab Emirates,Middle East,Digital Infrastructure,1.0,1.0,1.0,0.7605837740424971,0.7928655690685039,0.7283019790164902,Actual
ARE,United Arab Emirates,Middle East,Economic Fragility,0.9094437694552688,0.9875609758566242,0.8313265630539135,0.7605837740424971,0.7928655690685039,0.7283019790164902,Actual
ARE,United Arab Emirates,Middle East,Food Security,0.9451615356873138,0.9880235866300874,0.9022994847445401,0.7605837740424971,0.7928655690685039,0.7283019790164902,Actual
ARE,United Arab Emirates,Middle East,Healthcare,0.2538923572117451,0.27334658070533824,0.2344381337181519,0.7605837740424971,0.7928655690685039,0.7283019790164902,Actual
ARE,United Arab Emirates,Middle East,Political Stability,0.7287901307459874,0.7454224619436771,0.7121577995482977,0.7605837740424971,0.7928655690685039,0.7283019790164902,Actual
ARM,Armenia,Central Asia,Climate & Energy,0.6892119814905531,0.7108430615311678,0.6675809014499383,0.6772761495464633,0.7202676060329067,0.6320596041838509,Actual
ARM,Armenia,Central Asia,Digital Infrastructure,0.8067353616577648,0.8510008676953108,0.7624698556202189,0.6772761495464633,0.7202676060329067,0.6320596041838509,Actual
ARM,Armenia,Central Asia,Economic Fragility,0.7222325080465781,0.7682596378849109,0.6762053782082453,0.6772761495464633,0.7202676060329067,0.6320596041838509,Actual
ARM,Armenia,Central Asia,Food Security,0.9315062351276779,1.0,0.8496619369983414,0.6772761495464633,0.7202676060329067,0.6320596041838509,Actual
ARM,Armenia,Central Asia,Healthcare,0.4641602103311264,0.4832883407178082,0.44503207994444466,0.6772761495464633,0.7202676060329067,0.6320596041838509,Actual
ARM,Armenia,Central Asia,Political Stability,0.4498106006250797,0.5082137283682427,0.3914074728819167,0.6772761495464633,0.7202676060329067,0.6320596041838509,Actual
AUS,Australia,Oceania,Climate & Energy,0.7311276599846219,0.7599352917590292,0.7023200282102147,0.7767227152443649,0.7922027354115658,0.761242695077164,Actual
AUS,Australia,Oceania,Digital Infrastructure,1.0,1.0,1.0,0.7767227152443649,0.7922027354115658,0.761242695077164,Actual
AUS,Australia,Oceania,Economic Fragility,0.718798080743195,0.727616718072981,0.7099794434134089,0.7767227152443649,0.7922027354115658,0.761242695077164,Actual
AUS,Australia,Oceania,Food Security,0.8739177366817192,0.8884537867848304,0.859381686578608,0.7767227152443649,0.7922027354115658,0.761242695077164,Actual
AUS,Australia,Oceania,Healthcare,0.5428685570339518,0.562234873215253,0.5235022408526505,0.7767227152443649,0.7922027354115658,0.761242695077164,Actual
AUS,Australia,Oceania,Political Stability,0.7936242570227012,0.8149757426373008,0.7722727714081017,0.7767227152443649,0.7922027354115658,0.761242695077164,Actual
AUT,Austria,Europe,Climate & Energy,0.7263310319613723,0.7419418796745374,0.7107201842482072,0.7830782131310853,0.798173593216192,0.7646390570850955,Actual
AUT,Austria,Europe,Digital Infrastructure,1.0,1.0,0.9799373442347015,0.7830782131310853,0.798173593216192,0.7646390570850955,Actual
AUT,Austria,Europe,Economic Fragility,0.7235984572729308,0.7426766592270387,0.7045202553188229,0.7830782131310853,0.798173593216192,0.7646390570850955,Actual
AUT,Austria,Europe,Food Security,0.8524998735652467,0.8675303093040871,0.8374694378264063,0.7830782131310853,0.798173593216192,0.7646390570850955,Actual
AUT,Austria,Europe,Healthcare,0.600727475434577,0.6064697316230125,0.5949852192461416,0.7830782131310853,0.798173593216192,0.7646390570850955,Actual
AUT,Austria,Europe,Political Stability,0.7953124405523848,0.830422979468476,0.7602019016362936,0.7830782131310853,0.798173593216192,0.7646390570850955,Actual
AZE,Azerbaijan,Central Asia,Climate & Energy,0.7067347874874681,0.7375873365863179,0.6758822383886183,0.6610395604999759,0.7004183554576461,0.6113105815956975,Actual
AZE,Azerbaijan,Central Asia,Digital Infrastructure,1.0,1.0,0.9378988963203504,0.6610395604999759,0.7004183554576461,0.6113105815956975,Actual
AZE,Azerbaijan,Central Asia,Economic Fragility,0.7741383939784576,0.8351296493085363,0.713147138648379,0.6610395604999759,0.7004183554576461,0.6113105815956975,Actual
AZE,Azerbaijan,Central Asia,Food Security,0.7770500307450448,0.8534245957271218,0.7006754657629677,0.6610395604999759,0.7004183554576461,0.6113105815956975,Actual
AZE,Azerbaijan,Central Asia,Healthcare,0.21636504700873616,0.23503515072671965,0.19769494329075266,0.6610395604999759,0.7004183554576461,0.6113105815956975,Actual
AZE,Azerbaijan,Central Asia,Political Stability,0.4919491037801489,0.541333400397181,0.4425648071631168,0.6610395604999759,0.7004183554576461,0.6113105815956975,Actual
BEL,Belgium,Europe,Climate & Energy,0.7016262097565349,0.7295872070188679,0.6736652124942019,0.7338980799959641,0.7519947282716726,0.7158014317202558,Actual
BEL,Belgium,Europe,Digital Infrastructure,1.0,1.0,1.0,0.7338980799959641,0.7519947282716726,0.7158014317202558,Actual
BEL,Belgium,Europe,Economic Fragility,0.7212255641896932,0.7382522157023016,0.7041989126770848,0.7338980799959641,0.7519947282716726,0.7158014317202558,Actual
BEL,Belgium,Europe,Food Security,0.8247148408801902,0.8528947805470896,0.7965349012132908,0.7338980799959641,0.7519947282716726,0.7158014317202558,Actual
BEL,Belgium,Europe,Healthcare,0.487864987519238,0.4936736979030651,0.48205627713541094,0.7338980799959641,0.7519947282716726,0.7158014317202558,Actual
BEL,Belgium,Europe,Political Stability,0.6679568776301288,0.6975604684587116,0.638353286801546,0.7338980799959641,0.7519947282716726,0.7158014317202558,Actual
BFA,Burkina Faso,Africa,Climate & Energy,0.35728143148097846,0.4069263243466023,0.3076365386153546,0.3759797820241739,0.4150025728086191,0.3369569912397287,Actual
BFA,Burkina Faso,Africa,Digital Infrastructure,0.11624445202386546,0.1357747498251049,0.09671415422262603,0.3759797820241739,0.4150025728086191,0.3369569912397287,Actual
BFA,Burkina Faso,Africa,Economic Fragility,0.7005889960457907,0.7167235043929231,0.6844544876986584,0.3759797820241739,0.4150025728086191,0.3369569912397287,Actual
BFA,Burkina Faso,Africa,Food Security,0.7631372652764252,0.8007769655725449,0.7254975649803056,0.3759797820241739,0.4150025728086191,0.3369569912397287,Actual
BFA,Burkina Faso,Africa,Healthcare,0.18088859967600301,0.2358756553366551,0.12590154401535092,0.3759797820241739,0.4150025728086191,0.3369569912397287,Actual
BFA,Burkina Faso,Africa,Political Stability,0.13773794764198044,0.19393823737788413,0.08153765790607675,0.3759797820241739,0.4150025728086191,0.3369569912397287,Actual
BGD,Bangladesh,South Asia,Climate & Energy,0.5348285974410949,0.5553983221761285,0.5142588727060613,0.47962190372963426,0.5126494291571809,0.4465943783020876,Actual
BGD,Bangladesh,South Asia,Digital Infrastructure,0.3429414547813501,0.38009849262618767,0.3057844169365125,0.47962190372963426,0.5126494291571809,0.4465943783020876,Actual
BGD,Bangladesh,South Asia,Economic Fragility,0.6618071681229922,0.6712738996196096,0.6523404366263749,0.47962190372963426,0.5126494291571809,0.4465943783020876,Actual
BGD,Bangladesh,South Asia,Food Security,0.8613533027044085,0.9350419631138013,0.7876646422950156,0.47962190372963426,0.5126494291571809,0.4465943783020876,Actual
BGD,Bangladesh,South Asia,Healthcare,0.08183973725180982,0.08400693216218372,0.07967254234143592,0.47962190372963426,0.5126494291571809,0.4465943783020876,Actual
BGD,Bangladesh,South Asia,Political Stability,0.3949611620761502,0.4500769652451749,0.33984535890712547,0.47962190372963426,0.5126494291571809,0.4465943783020876,Actual
BHR,Bahrain,Middle East,Climate & Energy,0.751218554903101,0.8004831758082784,0.7019539339979235,0.5837506469000944,0.6202940001813849,0.534731128710859,Actual
BHR,Bahrain,Middle East,Digital Infrastructure,1.0,1.0,0.9251430105523311,0.5837506469000944,0.6202940001813849,0.534731128710859,Actual
BHR,Bahrain,Middle East,Economic Fragility,0.7273144681740051,0.7483541463378909,0.7062747900101194,0.5837506469000944,0.6202940001813849,0.534731128710859,Actual
BHR,Bahrain,Middle East,Food Security,0.541460538556203,0.6061322483627303,0.4767888287496757,0.5837506469000944,0.6202940001813849,0.534731128710859,Actual
BHR,Bahrain,Middle East,Healthcare,0.1415213628625014,0.15152099049744966,0.13152173522755312,0.5837506469000944,0.6202940001813849,0.534731128710859,Actual
BHR,Bahrain,Middle East,Political Stability,0.3409889569047557,0.41527344008196027,0.2667044737275512,0.5837506469000944,0.6202940001813849,0.534731128710859,Actual
BIH,Bosnia and Herzegovina,Europe,Climate & Energy,0.6064402591632141,0.6228473807629447,0.5900331375634835,0.6703479160791205,0.7109468871944209,0.6297489449638201,Actual
BIH,Bosnia and Herzegovina,Europe,Digital Infrastructure,0.9428432550874959,0.9595873884148858,0.926099121760106,0.6703479160791205,0.7109468871944209,0.6297489449638201,Actual
BIH,Bosnia and Herzegovina,Europe,Economic Fragility,0.8646329474492731,0.9337882188189641,0.7954776760795821,0.6703479160791205,0.7109468871944209,0.6297489449638201,Actual
BIH,Bosnia and Herzegovina,Europe,Food Security,0.6222466923073835,0.6885863925787137,0.5559069920360533,0.6703479160791205,0.7109468871944209,0.6297489449638201,Actual
BIH,Bosnia and Herzegovina,Europe,Healthcare,0.4631316716311211,0.5015014341482043,0.424761909114038,0.6703479160791205,0.7109468871944209,0.6297489449638201,Actual
BIH,Bosnia and Herzegovina,Europe,Political Stability,0.5227926708362352,0.559370508442813,0.4862148332296573,0.6703479160791205,0.7109468871944209,0.6297489449638201,Actual
BLR,Belarus,Europe,Climate & Energy,0.7071158904484838,0.7307809051213598,0.6834508757756077,0.7404687921815043,0.7788614469119212,0.7020761374510873,Actual
BLR,Belarus,Europe,Digital Infrastructure,1.0,1.0,1.0,0.7404687921815043,0.7788614469119212,0.7020761374510873,Actual
BLR,Belarus,Europe,Economic Fragility,0.8340304999416759,0.9040677136362113,0.7639932862471405,0.7404687921815043,0.7788614469119212,0.7020761374510873,Actual
BLR,Belarus,Europe,Food Security,0.9083465724459572,0.9721480034686398,0.8445451414232745,0.7404687921815043,0.7788614469119212,0.7020761374510873,Actual
BLR,Belarus,Europe,Healthcare,0.5274461975782647,0.5385654802002856,0.5163269149562438,0.7404687921815043,0.7788614469119212,0.7020761374510873,Actual
BLR,Belarus,Europe,Political Stability,0.4658735926746438,0.52760657904503,0.4041406063042576,0.7404687921815043,0.7788614469119212,0.7020761374510873,Actual
BOL,Bolivia,South America,Climate & Energy,0.6830606999090314,0.7040107373407503,0.6621106624773125,0.6025257793494885,0.6396591152580858,0.5653924434408911,Actual
BOL,Bolivia,South America,Digital Infrastructure,0.60513009721587,0.6662069404400732,0.5440532539916667,0.6025257793494885,0.6396591152580858,0.5653924434408911,Actual
BOL,Bolivia,South America,Economic Fragility,0.7173871031132244,0.7477865707771074,0.6869876354493414,0.6025257793494885,0.6396591152580858,0.5653924434408911,Actual
BOL,Bolivia,South America,Food Security,0.833732213757262,0.8736340493228935,0.7938303781916306,0.6025257793494885,0.6396591152580858,0.5653924434408911,Actual
BOL,Bolivia,South America,Healthcare,0.20568356270120347,0.23415941324045117,0.17720771216195577,0.6025257793494885,0.6396591152580858,0.5653924434408911,Actual
BOL,Bolivia,South America,Political Stability,0.5701609994003398,0.6121569804272395,0.5281650183734401,0.6025257793494885,0.6396591152580858,0.5653924434408911,Actual
BRA,Brazil,South America,Climate & Energy,0.7306969956678215,0.7409291512595346,0.7204648400761084,0.6794890441899332,0.7019993416131852,0.6569787467666811,Actual
BRA,Brazil,South America,Digital Infrastructure,0.8549267158058598,0.8624608096181028,0.8473926219936168,0.6794890441899332,0.7019993416131852,0.6569787467666811,Actual
BRA,Brazil,South America,Economic Fragility,0.7299498895349745,0.7484839188205784,0.7114158602493706,0.6794890441899332,0.7019993416131852,0.6569787467666811,Actual
BRA,Brazil,South America,Food Security,0.9475740062453362,0.9736375769751843,0.9215104355154881,0.6794890441899332,0.7019993416131852,0.6569787467666811,Actual
BRA,Brazil,South America,Healthcare,0.34900273225728595,0.38568482438662305,0.31232064012794886,0.6794890441899332,0.7019993416131852,0.6569787467666811,Actual
BRA,Brazil,South America,Political Stability,0.46478392562832127,0.5007997686190884,0.4287680826375542,0.6794890441899332,0.7019993416131852,0.6569787467666811,Actual
BWA,Botswana,Africa,Climate & Energy,0.6022978716352956,0.618582194431105,0.5860135488394862,0.5904290259176957,0.6239085645971384,0.5569494872382531,Actual
BWA,Botswana,Africa,Digital Infrastructure,0.5435642899476036,0.5966231181208644,0.4905054617743428,0.5904290259176957,0.6239085645971384,0.5569494872382531,Actual
BWA,Botswana,Africa,Economic Fragility,0.7047731486290558,0.7481775587787263,0.6613687384793854,0.5904290259176957,0.6239085645971384,0.5569494872382531,Actual
BWA,Botswana,Africa,Food Security,0.6424423986947492,0.693118755846033,0.5917660415434653,0.5904290259176957,0.6239085645971384,0.5569494872382531,Actual
BWA,Botswana,Africa,Healthcare,0.20150405723586529,0.2275384927341468,0.17546962173758376,0.5904290259176957,0.6239085645971384,0.5569494872382531,Actual
BWA,Botswana,Africa,Political Stability,0.8479923893636049,0.859411267671955,0.8365735110552548,0.5904290259176957,0.6239085645971384,0.5569494872382531,Actual
CAN,Canada,North America,Climate & Energy,0.7283942688550051,0.7515416390236265,0.7052468986863838,0.7487431047365402,0.7657050587202411,0.7317811507528392,Actual
CAN,Canada,North America,Digital Infrastructure,1.0,1.0,1.0,0.7487431047365402,0.7657050587202411,0.7317811507528392,Actual
CAN,Canada,North America,Economic Fragility,0.7235270889902317,0.7411761420701574,0.705878035910306,0.7487431047365402,0.7657050587202411,0.7317811507528392,Actual
CAN,Canada,North America,Food Security,0.8311032309319657,0.8453332045217512,0.8168732573421802,0.7487431047365402,0.7657050587202411,0.7317811507528392,Actual
CAN,Canada,North America,Healthcare,0.3883005807118325,0.4105582757423223,0.3660428856813427,0.7487431047365402,0.7657050587202411,0.7317811507528392,Actual
CAN,Canada,North America,Political Stability,0.821133458930206,0.8456210909635892,0.7966458268968227,0.7487431047365402,0.7657050587202411,0.7317811507528392,Actual
CHE,Switzerland,Europe,Climate & Energy,0.6976216560912518,0.7176314942462669,0.6776118179362367,0.7858289598062528,0.799080555328962,0.7725773642835435,Actual
CHE,Switzerland,Europe,Digital Infrastructure,1.0,1.0,1.0,0.7858289598062528,0.799080555328962,0.7725773642835435,Actual
CHE,Switzerland,Europe,Economic Fragility,0.7276263773973641,0.7416536817595278,0.7135990730352004,0.7858289598062528,0.799080555328962,0.7725773642835435,Actual
CHE,Switzerland,Europe,Food Security,0.9483946947034596,0.9646730487809271,0.9321163406259921,0.7858289598062528,0.799080555328962,0.7725773642835435,Actual
CHE,Switzerland,Europe,Healthcare,0.48375587442192103,0.4921403178867214,0.47537143095712064,0.7858289598062528,0.799080555328962,0.7725773642835435,Actual
CHE,Switzerland,Europe,Political Stability,0.8575751562235201,0.8783847893003291,0.836765523146711,0.7858289598062528,0.799080555328962,0.7725773642835435,Actual
CHL,Chile,South America,Climate & Energy,0.7038232997105736,0.7250354309341559,0.6826111684869912,0.6818518003747113,0.7064331473910158,0.6572704533584065,Actual
CHL,Chile,South America,Digital Infrastructure,0.9376787024823585,0.9546940321813036,0.9206633727834135,0.6818518003747113,0.7064331473910158,0.6572704533584065,Actual
CHL,Chile,South America,Economic Fragility,0.7199913622266967,0.7432678098556117,0.6967149145977817,0.6818518003747113,0.7064331473910158,0.6572704533584065,Actual
CHL,Chile,South America,Food Security,0.7860002722819406,0.816509538166579,0.7554910063973022,0.6818518003747113,0.7064331473910158,0.6572704533584065,Actual
CHL,Chile,South America,Healthcare,0.350094762854706,0.3770544426858688,0.32313508302354316,0.6818518003747113,0.7064331473910158,0.6572704533584065,Actual
CHL,Chile,South America,Political Stability,0.5935224026919919,0.622037630522576,0.5650071748614077,0.6818518003747113,0.7064331473910158,0.6572704533584065,Actual
CHN,China,East Asia,Climate & Energy,0.7206449943316642,0.7484067460724448,0.6928832425908835,0.6974753864059725,0.7151059762759053,0.6798447965360396,Actual
CHN,China,East Asia,Digital Infrastructure,1.0,1.0,1.0,0.6974753864059725,0.7151059762759053,0.6798447965360396,Actual
CHN,China,East Asia,Economic Fragility,0.7091785999931193,0.7244747921532062,0.6938824078330323,0.6974753864059725,0.7151059762759053,0.6798447965360396,Actual
CHN,China,East Asia,Food Security,0.8677860589542197,0.8879327218258726,0.8476393960825668,0.6974753864059725,0.7151059762759053,0.6798447965360396,Actual
CHN,China,East Asia,Healthcare,0.3760071660173736,0.3947903903852754,0.3572239416494718,0.6974753864059725,0.7151059762759053,0.6798447965360396,Actual
CHN,China,East Asia,Political Stability,0.5112354991394581,0.5350312072186331,0.4874397910602831,0.6974753864059725,0.7151059762759053,0.6798447965360396,Actual
COL,Colombia,South America,Climate & Energy,0.7051895167520295,0.7218722486514578,0.6885067848526011,0.6505346204431968,0.6780085185557895,0.623060722330604,Actual
COL,Colombia,South America,Digital Infrastructure,0.7818193261461701,0.8037553147965928,0.7598833374957474,0.6505346204431968,0.6780085185557895,0.623060722330604,Actual
COL,Colombia,South America,Economic Fragility,0.7073334187870307,0.7308992675157829,0.6837675700582785,0.6505346204431968,0.6780085185557895,0.623060722330604,Actual
COL,Colombia,South America,Food Security,0.7807613723672184,0.8128313354661609,0.7486914092682759,0.6505346204431968,0.6780085185557895,0.623060722330604,Actual
COL,Colombia,South America,Healthcare,0.33692102000429536,0.3638175093313141,0.3100245306772766,0.6505346204431968,0.6780085185557895,0.623060722330604,Actual
COL,Colombia,South America,Political Stability,0.5911830686024366,0.634875435573428,0.5474907016314453,0.6505346204431968,0.6780085185557895,0.623060722330604,Actual
CRI,Costa Rica,Central America & Caribbean,Climate & Energy,0.708211419718817,0.7250714005874493,0.6913514388501846,0.6767332093685785,0.7013112244670365,0.6521551942701205,Actual
CRI,Costa Rica,Central America & Caribbean,Digital Infrastructure,0.8624275722240924,0.8914594640215018,0.833395680426683,0.6767332093685785,0.7013112244670365,0.6521551942701205,Actual
CRI,Costa Rica,Central America & Caribbean,Economic Fragility,0.7280087017026462,0.7479743569991842,0.7080430464061082,0.6767332093685785,0.7013112244670365,0.6521551942701205,Actual
CRI,Costa Rica,Central America & Caribbean,Food Security,0.731242853011592,0.7603254823948149,0.702160223628369,0.6767332093685785,0.7013112244670365,0.6521551942701205,Actual
CRI,Costa Rica,Central America & Caribbean,Healthcare,0.26923065108536015,0.2863886212299803,0.25207268094074,0.6767332093685785,0.7013112244670365,0.6521551942701205,Actual
CRI,Costa Rica,Central America & Caribbean,Political Stability,0.7612780584689635,0.7966480215692886,0.7259080953686383,0.6767332093685785,0.7013112244670365,0.6521551942701205,Actual
CYP,Cyprus,Europe,Climate & Energy,0.7053475713181658,0.732716987451754,0.6779781551845777,0.7123564731617757,0.7409771604557133,0.6837357858678382,Actual
CYP,Cyprus,Europe,Digital Infrastructure,1.0,1.0,1.0,0.7123564731617757,0.7409771604557133,0.6837357858678382,Actual
CYP,Cyprus,Europe,Economic Fragility,0.70757527839312,0.7389967908113475,0.6761537659748924,0.7123564731617757,0.7409771604557133,0.6837357858678382,Actual
CYP,Cyprus,Europe,Food Security,0.7877693749151655,0.8592587922055779,0.7162799576247532,0.7123564731617757,0.7409771604557133,0.6837357858678382,Actual
CYP,Cyprus,Europe,Healthcare,0.3458746556711709,0.3662486912704149,0.325500620071927,0.7123564731617757,0.7409771604557133,0.6837357858678382,Actual
CYP,Cyprus,Europe,Political Stability,0.7275719586730323,0.7486417009951859,0.7065022163508786,0.7123564731617757,0.7409771604557133,0.6837357858678382,Actual
CZE,Czechia,Europe,Climate & Energy,0.7178966361805772,0.7435046625050709,0.6922886098560835,0.7750568914469174,0.7925588633432316,0.7575549195506032,Actual
CZE,Czechia,Europe,Digital Infrastructure,1.0,1.0,1.0,0.7750568914469174,0.7925588633432316,0.7575549195506032,Actual
CZE,Czechia,Europe,Economic Fragility,0.7203393146642361,0.7423536367462845,0.6983249925821876,0.7750568914469174,0.7925588633432316,0.7575549195506032,Actual
CZE,Czechia,Europe,Food Security,0.894278556775496,0.9090951698068626,0.8794619437441293,0.7750568914469174,0.7925588633432316,0.7575549195506032,Actual
CZE,Czechia,Europe,Healthcare,0.4620112016086422,0.4742587921763027,0.44976361104098167,0.7750568914469174,0.7925588633432316,0.7575549195506032,Actual
CZE,Czechia,Europe,Political Stability,0.8558156394525529,0.8861409188248682,0.8254903600802376,0.7750568914469174,0.7925588633432316,0.7575549195506032,Actual
DEU,Germany,Europe,Climate & Energy,0.7204644600788281,0.7448129905396877,0.6961159296179685,0.7682177835104266,0.7849167076110243,0.7515188594098287,Actual
DEU,Germany,Europe,Digital Infrastructure,1.0,1.0,1.0,0.7682177835104266,0.7849167076110243,0.7515188594098287,Actual
DEU,Germany,Europe,Economic Fragility,0.7262284717698222,0.743624738645393,0.7088322048942514,0.7682177835104266,0.7849167076110243,0.7515188594098287,Actual
DEU,Germany,Europe,Food Security,0.861658441385448,0.8798143862184278,0.8435024965524682,0.7682177835104266,0.7849167076110243,0.7515188594098287,Actual
DEU,Germany,Europe,Healthcare,0.5964573329815162,0.6057003821689512,0.5872142837940811,0.7682177835104266,0.7849167076110243,0.7515188594098287,Actual
DEU,Germany,Europe,Political Stability,0.7044979948469443,0.7355477480936858,0.6734482416002028,0.7682177835104266,0.7849167076110243,0.7515188594098287,Actual
DNK,Denmark,Europe,Climate & Energy,0.7320819219249302,0.7462193314300372,0.7179445124198232,0.7268759817732172,0.7460590257734508,0.7076929377729838,Actual
DNK,Denmark,Europe,Digital Infrastructure,1.0,1.0,1.0,0.7268759817732172,0.7460590257734508,0.7076929377729838,Actual
DNK,Denmark,Europe,Economic Fragility,0.7233502617487689,0.7384991824243228,0.7082013410732151,0.7268759817732172,0.7460590257734508,0.7076929377729838,Actual
DNK,Denmark,Europe,Food Security,0.7566207926082748,0.7902970301603731,0.7229445550561764,0.7268759817732172,0.7460590257734508,0.7076929377729838,Actual
DNK,Denmark,Europe,Healthcare,0.39832412420561325,0.42860049286738516,0.36804775554384134,0.7268759817732172,0.7460590257734508,0.7076929377729838,Actual
DNK,Denmark,Europe,Political Stability,0.7508787901517167,0.7727381177585871,0.7290194625448462,0.7268759817732172,0.7460590257734508,0.7076929377729838,Actual
DOM,Dominican Republic,Central America & Caribbean,Climate & Energy,0.6748787956613853,0.6944330903167459,0.6553245010060247,0.621164792420766,0.6504711912922968,0.5918583935492352,Actual
DOM,Dominican Republic,Central America & Caribbean,Digital Infrastructure,0.7337359592753856,0.761494606247736,0.7059773123030352,0.621164792420766,0.6504711912922968,0.5918583935492352,Actual
DOM,Dominican Republic,Central America & Caribbean,Economic Fragility,0.7089265162675851,0.7434607229963441,0.674392309538826,0.621164792420766,0.6504711912922968,0.5918583935492352,Actual
DOM,Dominican Republic,Central America & Caribbean,Food Security,0.7642384181692776,0.8116105227226338,0.7168663136159215,0.621164792420766,0.6504711912922968,0.5918583935492352,Actual
DOM,Dominican Republic,Central America & Caribbean,Healthcare,0.14648512047887796,0.16477549922718338,0.12819474173057255,0.621164792420766,0.6504711912922968,0.5918583935492352,Actual
DOM,Dominican Republic,Central America & Caribbean,Political Stability,0.6987239446720848,0.727052706243138,0.6703951831010315,0.621164792420766,0.6504711912922968,0.5918583935492352,Actual
ECU,Ecuador,South America,Climate & Energy,0.676029378971033,0.6953657398299222,0.6566930181121438,0.6413691309391863,0.6731435670242237,0.609594694854149,Actual
ECU,Ecuador,South America,Digital Infrastructure,0.7122362419747432,0.7408009696661625,0.683671514283324,0.6413691309391863,0.6731435670242237,0.609594694854149,Actual
ECU,Ecuador,South America,Economic Fragility,0.7823467179998396,0.8279029263849574,0.7367905096147217,0.6413691309391863,0.6731435670242237,0.609594694854149,Actual
ECU,Ecuador,South America,Food Security,0.7326916658244497,0.7819374951601354,0.6834458364887639,0.6413691309391863,0.6731435670242237,0.609594694854149,Actual
ECU,Ecuador,South America,Healthcare,0.30041689587828024,0.31135078697113616,0.2894830047854243,0.6413691309391863,0.6731435670242237,0.609594694854149,Actual
ECU,Ecuador,South America,Political Stability,0.6444938849867725,0.681503484133029,0.6074842858405161,0.6413691309391863,0.6731435670242237,0.609594694854149,Actual
ESP,Spain,Europe,Climate & Energy,0.7016273766744892,0.7259925586402171,0.6772621947087613,0.7245237344665473,0.7494803015815226,0.6995671673515722,Actual
ESP,Spain,Europe,Digital Infrastructure,1.0,1.0,1.0,0.7245237344665473,0.7494803015815226,0.6995671673515722,Actual
ESP,Spain,Europe,Economic Fragility,0.7349869405888991,0.7634760509046746,0.7064978302731236,0.7245237344665473,0.7494803015815226,0.6995671673515722,Actual
ESP,Spain,Europe,Food Security,0.7963721376361736,0.8244009719807611,0.7683433032915862,0.7245237344665473,0.7494803015815226,0.6995671673515722,Actual
ESP,Spain,Europe,Healthcare,0.41723599985926807,0.4322027367463818,0.4022692629721543,0.7245237344665473,0.7494803015815226,0.6995671673515722,Actual
ESP,Spain,Europe,Political Stability,0.6969199520404539,0.7508094912171003,0.6430304128638075,0.7245237344665473,0.7494803015815226,0.6995671673515722,Actual
EST,Estonia,Europe,Climate & Energy,0.7657619406248024,0.7819999353369261,0.7495239459126787,0.7389275382907928,0.7583400913423067,0.7195149852392788,Actual
EST,Estonia,Europe,Digital Infrastructure,1.0,1.0,1.0,0.7389275382907928,0.7583400913423067,0.7195149852392788,Actual
EST,Estonia,Europe,Economic Fragility,0.7404772083381048,0.7787411407546415,0.7022132759215681,0.7389275382907928,0.7583400913423067,0.7195149852392788,Actual
EST,Estonia,Europe,Food Security,0.834516462954189,0.8678743112667286,0.8011586146416494,0.7389275382907928,0.7583400913423067,0.7195149852392788,Actual
EST,Estonia,Europe,Healthcare,0.35049100187896365,0.36001701352522053,0.34096499023270677,0.7389275382907928,0.7583400913423067,0.7195149852392788,Actual
EST,Estonia,Europe,Political Stability,0.742318615948697,0.761408147170324,0.7232290847270699,0.7389275382907928,0.7583400913423067,0.7195149852392788,Actual
ETH,Ethiopia,Africa,Climate & Energy,0.4482578193115358,0.4993602127802762,0.3971554258427954,0.33830147352380097,0.3936934283532411,0.2829095186943608,Actual
ETH,Ethiopia,Africa,Digital Infrastructure,0.11372795618295761,0.14305902171415574,0.0843968906517595,0.33830147352380097,0.3936934283532411,0.2829095186943608,Actual
ETH,Ethiopia,Africa,Economic Fragility,0.5898805141635535,0.6258867570875493,0.5538742712395577,0.33830147352380097,0.3936934283532411,0.2829095186943608,Actual
ETH,Ethiopia,Africa,Food Security,0.6205205919453309,0.7492393169276594,0.49180186696300243,0.33830147352380097,0.3936934283532411,0.2829095186943608,Actual
ETH,Ethiopia,Africa,Healthcare,0.07468461323002051,0.11494819805873915,0.03442102840130188,0.33830147352380097,0.3936934283532411,0.2829095186943608,Actual
ETH,Ethiopia,Africa,Political Stability,0.1827373463094073,0.2296670635510667,0.1358076290677479,0.33830147352380097,0.3936934283532411,0.2829095186943608,Actual
FIN,Finland,Europe,Climate & Energy,0.7104216259738121,0.719747690617727,0.7010955613298971,0.7328003057506943,0.7491150615448325,0.7125248777625423,Actual
FIN,Finland,Europe,Digital Infrastructure,1.0,1.0,0.9762359668359162,0.7328003057506943,0.7491150615448325,0.7125248777625423,Actual
FIN,Finland,Europe,Economic Fragility,0.7432422766680038,0.7634539081279871,0.7230306452080205,0.7328003057506943,0.7491150615448325,0.7125248777625423,Actual
FIN,Finland,Europe,Food Security,0.8405213253734951,0.8588296291505437,0.8222130215964465,0.7328003057506943,0.7491150615448325,0.7125248777625423,Actual
FIN,Finland,Europe,Healthcare,0.3793716681275008,0.41382509722617955,0.344918239028822,0.7328003057506943,0.7491150615448325,0.7125248777625423,Actual
FIN,Finland,Europe,Political Stability,0.7232449383613542,0.7388340441465577,0.7076558325761506,0.7328003057506943,0.7491150615448325,0.7125248777625423,Actual
FRA,France,Europe,Climate & Energy,0.6884731291036994,0.7141245905839505,0.6628216676234483,0.7265269188342113,0.748026722612379,0.7050271150560437,Actual
FRA,France,Europe,Digital Infrastructure,1.0,1.0,1.0,0.7265269188342113,0.748026722612379,0.7050271150560437,Actual
FRA,France,Europe,Economic Fragility,0.7308604868372122,0.7496897963100575,0.7120311773643668,0.7265269188342113,0.748026722612379,0.7050271150560437,Actual
FRA,France,Europe,Food Security,0.8316945635641817,0.8557139810097247,0.8076751461186387,0.7265269188342113,0.748026722612379,0.7050271150560437,Actual
FRA,France,Europe,Healthcare,0.48481079798547705,0.5064092710204967,0.4632123249504574,0.7265269188342113,0.748026722612379,0.7050271150560437,Actual
FRA,France,Europe,Political Stability,0.6233225355146974,0.662222696750044,0.5844223742793508,0.7265269188342113,0.748026722612379,0.7050271150560437,Actual
GBR,United Kingdom,Europe,Climate & Energy,0.693861116504225,0.7218368893652067,0.6658853436432433,0.7239920172855121,0.7464600638551785,0.7015239707158457,Actual
GBR,United Kingdom,Europe,Digital Infrastructure,1.0,1.0,1.0,0.7239920172855121,0.7464600638551785,0.7015239707158457,Actual
GBR,United Kingdom,Europe,Economic Fragility,0.7231167354800963,0.7477134443057298,0.6985200266544627,0.7239920172855121,0.7464600638551785,0.7015239707158457,Actual
GBR,United Kingdom,Europe,Food Security,0.8342707657344142,0.8549255289678378,0.8136160025009905,0.7239920172855121,0.7464600638551785,0.7015239707158457,Actual
GBR,United Kingdom,Europe,Healthcare,0.4047020331056821,0.42414976734605,0.3852542988653142,0.7239920172855121,0.7464600638551785,0.7015239707158457,Actual
GBR,United Kingdom,Europe,Political Stability,0.6880014528886553,0.7301347531462471,0.6458681526310636,0.7239920172855121,0.7464600638551785,0.7015239707158457,Actual
GEO,Georgia,Central Asia,Climate & Energy,0.6980458270165482,0.7220926169235243,0.673999037109572,0.7207229381529691,0.760602259653221,0.6808436166527171,Actual
GEO,Georgia,Central Asia,Digital Infrastructure,0.9535573291342416,0.9982886877068183,0.9088259705616649,0.7207229381529691,0.760602259653221,0.6808436166527171,Actual
GEO,Georgia,Central Asia,Economic Fragility,0.6869557483363048,0.7214959335427374,0.6524155631298721,0.7207229381529691,0.760602259653221,0.6808436166527171,Actual
GEO,Georgia,Central Asia,Food Security,0.866802297469917,0.9456363902860146,0.7879682046538193,0.7207229381529691,0.760602259653221,0.6808436166527171,Actual
GEO,Georgia,Central Asia,Healthcare,0.5080800345069125,0.53560588288012,0.4805541861337051,0.7207229381529691,0.760602259653221,0.6808436166527171,Actual
GEO,Georgia,Central Asia,Political Stability,0.6108963924538902,0.6404940465801114,0.5812987383276689,0.7207229381529691,0.760602259653221,0.6808436166527171,Actual
GHA,Ghana,Africa,Climate & Energy,0.5298654327811478,0.5510049794878618,0.5087258860744339,0.5157374467409046,0.5499507186728079,0.48152417480900134,Actual
GHA,Ghana,Africa,Digital Infrastructure,0.40018665979799906,0.4490702998741369,0.35130301972186123,0.5157374467409046,0.5499507186728079,0.48152417480900134,Actual
GHA,Ghana,Africa,Economic Fragility,0.6746144305625306,0.6994945057776312,0.64973435534743,0.5157374467409046,0.5499507186728079,0.48152417480900134,Actual
GHA,Ghana,Africa,Food Security,0.7591162786872339,0.8205125538313529,0.6977200035431148,0.5157374467409046,0.5499507186728079,0.48152417480900134,Actual
GHA,Ghana,Africa,Healthcare,0.0904944283066631,0.11427681991110251,0.06671203670222368,0.5157374467409046,0.5499507186728079,0.48152417480900134,Actual
GHA,Ghana,Africa,Political Stability,0.6401474503098532,0.6653451531547618,0.6149497474649446,0.5157374467409046,0.5499507186728079,0.48152417480900134,Actual
GRC,Greece,Europe,Climate & Energy,0.7046828400641507,0.7289385601433563,0.6804271199849451,0.7107359929021374,0.7391343629619466,0.6823376228423282,Actual
GRC,Greece,Europe,Digital Infrastructure,1.0,1.0,1.0,0.7107359929021374,0.7391343629619466,0.6823376228423282,Actual
GRC,Greece,Europe,Economic Fragility,0.7525073583665671,0.7895080328592913,0.715506683873843,0.7107359929021374,0.7391343629619466,0.6823376228423282,Actual
GRC,Greece,Europe,Food Security,0.7940274378927614,0.8296905314691979,0.7583643443163249,0.7107359929021374,0.7391343629619466,0.6823376228423282,Actual
GRC,Greece,Europe,Healthcare,0.48252644888074636,0.5029506451692916,0.46210225259220117,0.7107359929021374,0.7391343629619466,0.6823376228423282,Actual
GRC,Greece,Europe,Political Stability,0.5306718722085986,0.5837184081305422,0.477625336286655,0.7107359929021374,0.7391343629619466,0.6823376228423282,Actual
GTM,Guatemala,Central America & Caribbean,Climate & Energy,0.6153096433400216,0.6361237525148715,0.5944955341651716,0.5075792855877755,0.5335521330268667,0.4816064381486844,Actual
GTM,Guatemala,Central America & Caribbean,Digital Infrastructure,0.43662797609769655,0.4782508246236117,0.3950051275717814,0.5075792855877755,0.5335521330268667,0.4816064381486844,Actual
GTM,Guatemala,Central America & Caribbean,Economic Fragility,0.7053116967647943,0.720062832019104,0.6905605615104846,0.5075792855877755,0.5335521330268667,0.4816064381486844,Actual
GTM,Guatemala,Central America & Caribbean,Food Security,0.6221433312796337,0.6443344325309361,0.5999522300283313,0.5075792855877755,0.5335521330268667,0.4816064381486844,Actual
GTM,Guatemala,Central America & Caribbean,Healthcare,0.10205720474301216,0.14022886847571028,0.06388554101031405,0.5075792855877755,0.5335521330268667,0.4816064381486844,Actual
GTM,Guatemala,Central America & Caribbean,Political Stability,0.564025861301495,0.5823120879969665,0.5457396346060235,0.5075792855877755,0.5335521330268667,0.4816064381486844,Actual
HRV,Croatia,Europe,Climate & Energy,0.7206925022074775,0.7390690875196256,0.7023159168953294,0.7308651376103118,0.7491521648904724,0.7058981208654934,Actual
HRV,Croatia,Europe,Digital Infrastructure,1.0,1.0,0.9599200632120538,0.7308651376103118,0.7491521648904724,0.7058981208654934,Actual
HRV,Croatia,Europe,Economic Fragility,0.7164408929841054,0.7493690553049855,0.6835127306632253,0.7308651376103118,0.7491521648904724,0.7058981208654934,Actual
HRV,Croatia,Europe,Food Security,0.7564240935589734,0.7873463998286208,0.7255017872893261,0.7308651376103118,0.7491521648904724,0.7058981208654934,Actual
HRV,Croatia,Europe,Healthcare,0.4092594494299604,0.4213063058924862,0.3972125929674346,0.7308651376103118,0.7491521648904724,0.7058981208654934,Actual
HRV,Croatia,Europe,Political Stability,0.782373887481354,0.7978221407971168,0.7669256341655911,0.7308651376103118,0.7491521648904724,0.7058981208654934,Actual
HUN,Hungary,Europe,Climate & Energy,0.7050554140003076,0.7299455998189612,0.6801652281816539,0.7295808200360282,0.7469371488540225,0.7122244912180339,Actual
HUN,Hungary,Europe,Digital Infrastructure,1.0,1.0,1.0,0.7295808200360282,0.7469371488540225,0.7122244912180339,Actual
HUN,Hungary,Europe,Economic Fragility,0.7127607408576008,0.7367301711024302,0.6887913106127713,0.7295808200360282,0.7469371488540225,0.7122244912180339,Actual
HUN,Hungary,Europe,Food Security,0.8701957506386577,0.8776698772871241,0.8627216239901914,0.7295808200360282,0.7469371488540225,0.7122244912180339,Actual
HUN,Hungary,Europe,Healthcare,0.3521807758028608,0.3735816434119337,0.3307799081937879,0.7295808200360282,0.7469371488540225,0.7122244912180339,Actual
HUN,Hungary,Europe,Political Stability,0.7372922389167424,0.7636956015036862,0.7108888763297987,0.7295808200360282,0.7469371488540225,0.7122244912180339,Actual
IDN,Indonesia,East Asia,Climate & Energy,0.7396467578728085,0.7608942634689848,0.7183992522766323,0.5901800205094102,0.6169362879351359,0.5634237530836844,Actual
IDN,Indonesia,East Asia,Digital Infrastructure,0.44499588352535824,0.48864181078782876,0.4013499562628877,0.5901800205094102,0.6169362879351359,0.5634237530836844,Actual
IDN,Indonesia,East Asia,Economic Fragility,0.7108085932991166,0.7240938635916329,0.6975233230066004,0.5901800205094102,0.6169362879351359,0.5634237530836844,Actual
IDN,Indonesia,East Asia,Food Security,0.8329508363787035,0.8588664121768742,0.8070352605805328,0.5901800205094102,0.6169362879351359,0.5634237530836844,Actual
IDN,Indonesia,East Asia,Healthcare,0.10972150857514595,0.11676496742994147,0.10267804972035044,0.5901800205094102,0.6169362879351359,0.5634237530836844,Actual
IDN,Indonesia,East Asia,Political Stability,0.7029565434053282,0.7523564101555531,0.6535566766551033,0.5901800205094102,0.6169362879351359,0.5634237530836844,Actual
IND,India,South Asia,Climate & Energy,0.6998402955626482,0.7215339174197165,0.6781466737055798,0.501676467200861,0.5282650017252167,0.47508793267650534,Actual
IND,India,South Asia,Digital Infrastructure,0.2215717573489595,0.265876969052689,0.17726654564523,0.501676467200861,0.5282650017252167,0.47508793267650534,Actual
IND,India,South Asia,Economic Fragility,0.6742325921083961,0.6971587756138306,0.6513064086029617,0.501676467200861,0.5282650017252167,0.47508793267650534,Actual
IND,India,South Asia,Food Security,0.8478942635479614,0.8791640924216564,0.8166244346742664,0.501676467200861,0.5282650017252167,0.47508793267650534,Actual
IND,India,South Asia,Healthcare,0.07846481254611604,0.08521601173193792,0.07171361336029415,0.501676467200861,0.5282650017252167,0.47508793267650534,Actual
IND,India,South Asia,Political Stability,0.48805508209108517,0.5206402441114705,0.4554699200706999,0.501676467200861,0.5282650017252167,0.47508793267650534,Actual
IRL,Ireland,Europe,Climate & Energy,0.6972966338426612,0.7249337613572001,0.6696595063281222,0.7016963538116713,0.7266204816508876,0.6767722259724552,Actual
IRL,Ireland,Europe,Digital Infrastructure,1.0,1.0,1.0,0.7016963538116713,0.7266204816508876,0.6767722259724552,Actual
IRL,Ireland,Europe,Economic Fragility,0.6764098644103917,0.7208194819606799,0.6320002468601036,0.7016963538116713,0.7266204816508876,0.6767722259724552,Actual
IRL,Ireland,Europe,Food Security,0.807549378350287,0.8337150005653633,0.7813837561352106,0.7016963538116713,0.7266204816508876,0.6767722259724552,Actual
IRL,Ireland,Europe,Healthcare,0.28372854234273426,0.3140573263365349,0.25339975834893363,0.7016963538116713,0.7266204816508876,0.6767722259724552,Actual
IRL,Ireland,Europe,Political Stability,0.7451937039239542,0.766197319685547,0.7241900881623614,0.7016963538116713,0.7266204816508876,0.6767722259724552,Actual
ISL,Iceland,Europe,Climate & Energy,0.5697611671885934,0.5827110707950003,0.5568112635821865,0.7247729353002205,0.748488358546183,0.701057512054258,Actual
ISL,Iceland,Europe,Digital Infrastructure,1.0,1.0,1.0,0.7247729353002205,0.748488358546183,0.701057512054258,Actual
ISL,Iceland,Europe,Economic Fragility,0.7099760675292807,0.7387470875544747,0.6812050475040866,0.7247729353002205,0.748488358546183,0.701057512054258,Actual
ISL,Iceland,Europe,Food Security,0.8123762495334291,0.8467424021550942,0.778010096911764,0.7247729353002205,0.748488358546183,0.701057512054258,Actual
ISL,Iceland,Europe,Healthcare,0.3793838802182836,0.41859549003836705,0.3401722703982002,0.7247729353002205,0.748488358546183,0.701057512054258,Actual
ISL,Iceland,Europe,Political Stability,0.8771402473317362,0.9041341007341614,0.850146393929311,0.7247729353002205,0.748488358546183,0.701057512054258,Actual
ITA,Italy,Europe,Climate & Energy,0.7073891003908992,0.7319658956844421,0.6828123050973562,0.7105479230079945,0.7393619078285938,0.6817339381873954,Actual
ITA,Italy,Europe,Digital Infrastructure,0.9679801970063693,0.9989779953055036,0.936982398707235,0.7105479230079945,0.7393619078285938,0.6817339381873954,Actual
ITA,Italy,Europe,Economic Fragility,0.7299552730033032,0.7551741299326953,0.7047364160739111,0.7105479230079945,0.7393619078285938,0.6817339381873954,Actual
ITA,Italy,Europe,Food Security,0.8192227605120064,0.8454762262808926,0.7929692947431202,0.7105479230079945,0.7393619078285938,0.6817339381873954,Actual
ITA,Italy,Europe,Healthcare,0.3596430958025927,0.3966426450636996,0.32264354654148575,0.7105479230079945,0.7393619078285938,0.6817339381873954,Actual
ITA,Italy,Europe,Political Stability,0.6790971113327968,0.7079345547043295,0.6502596679612641,0.7105479230079945,0.7393619078285938,0.6817339381873954,Actual
JAM,Jamaica,Central America & Caribbean,Climate & Energy,0.6871758967674371,0.707635067938982,0.6667167255958921,0.6111999964218878,0.6450289138324258,0.5773710790113499,Actual
JAM,Jamaica,Central America & Caribbean,Digital Infrastructure,0.7391184172619987,0.7745132731846289,0.7037235613393684,0.6111999964218878,0.6450289138324258,0.5773710790113499,Actual
JAM,Jamaica,Central America & Caribbean,Economic Fragility,0.7176509020008542,0.7396202784186537,0.6956815255830547,0.6111999964218878,0.6450289138324258,0.5773710790113499,Actual
JAM,Jamaica,Central America & Caribbean,Food Security,0.5865493787214389,0.6360267792030532,0.5370719782398246,0.6111999964218878,0.6450289138324258,0.5773710790113499,Actual
JAM,Jamaica,Central America & Caribbean,Healthcare,0.19296069845256425,0.23039867881277068,0.15552271809235782,0.6111999964218878,0.6450289138324258,0.5773710790113499,Actual
JAM,Jamaica,Central America & Caribbean,Political Stability,0.7437446853270337,0.7819794054364662,0.7055099652176013,0.6111999964218878,0.6450289138324258,0.5773710790113499,Actual
JOR,Jordan,Middle East,Climate & Energy,0.6696910904510527,0.6931471310454713,0.646235049856634,0.5486902915585419,0.5812921907393488,0.516088392377735,Actual
JOR,Jordan,Middle East,Digital Infrastructure,0.6694496179667695,0.6923354218512394,0.6465638140822996,0.5486902915585419,0.5812921907393488,0.516088392377735,Actual
JOR,Jordan,Middle East,Economic Fragility,0.7399438116738475,0.7573646045153156,0.7225230188323793,0.5486902915585419,0.5812921907393488,0.516088392377735,Actual
JOR,Jordan,Middle East,Food Security,0.5024760348040367,0.5773364378989395,0.42761563170913386,0.5486902915585419,0.5812921907393488,0.516088392377735,Actual
JOR,Jordan,Middle East,Healthcare,0.18841787822558853,0.21080088897434096,0.1660348674768361,0.5486902915585419,0.5812921907393488,0.516088392377735,Actual
JOR,Jordan,Middle East,Political Stability,0.5221633162299564,0.5567686601507862,0.48755797230912656,0.5486902915585419,0.5812921907393488,0.516088392377735,Actual
KAZ,Kazakhstan,Central Asia,Climate & Energy,0.728326113680783,0.7618074220907536,0.6948448052708125,0.6412335270353368,0.6790595084055061,0.6034075456651674,Actual
KAZ,Kazakhstan,Central Asia,Digital Infrastructure,0.9147878461026409,0.9731969752939874,0.8563787169112943,0.6412335270353368,0.6790595084055061,0.6034075456651674,Actual
KAZ,Kazakhstan,Central Asia,Economic Fragility,0.7271946923083421,0.7464856058708365,0.7079037787458478,0.6412335270353368,0.6790595084055061,0.6034075456651674,Actual
KAZ,Kazakhstan,Central Asia,Food Security,0.7056232365032677,0.7506342726393694,0.6606122003671661,0.6412335270353368,0.6790595084055061,0.6034075456651674,Actual
KAZ,Kazakhstan,Central Asia,Healthcare,0.2616715195022685,0.2781108917168805,0.24523214728765652,0.6412335270353368,0.6790595084055061,0.6034075456651674,Actual
KAZ,Kazakhstan,Central Asia,Political Stability,0.5097977541147181,0.5641218828212092,0.45547362540822695,0.6412335270353368,0.6790595084055061,0.6034075456651674,Actual
KGZ,Kyrgyz Republic,Central Asia,Climate & Energy,0.65219796250586,0.6662989796149928,0.6380969453967272,0.5786972620685908,0.615384152425828,0.5420103717113538,Actual
KGZ,Kyrgyz Republic,Central Asia,Digital Infrastructure,0.5829911827898897,0.6296722478961198,0.5363101176836597,0.5786972620685908,0.615384152425828,0.5420103717113538,Actual
KGZ,Kyrgyz Republic,Central Asia,Economic Fragility,0.6876356051857802,0.7236708165598768,0.6516003938116836,0.5786972620685908,0.615384152425828,0.5420103717113538,Actual
KGZ,Kyrgyz Republic,Central Asia,Food Security,0.7981008900638091,0.8380172538899116,0.7581845262377067,0.5786972620685908,0.615384152425828,0.5420103717113538,Actual
KGZ,Kyrgyz Republic,Central Asia,Healthcare,0.2223912154650005,0.24646899056020027,0.19831344036980075,0.5786972620685908,0.615384152425828,0.5420103717113538,Actual
KGZ,Kyrgyz Republic,Central Asia,Political Stability,0.5288667164012057,0.5881766260338668,0.4695568067685447,0.5786972620685908,0.615384152425828,0.5420103717113538,Actual
KHM,Cambodia,East Asia,Climate & Energy,0.6350991411564024,0.6582051957176037,0.6119930865952011,0.5736913584465481,0.6102418539153017,0.5371408629777943,Actual
KHM,Cambodia,East Asia,Digital Infrastructure,0.36582732730472145,0.42671796414566165,0.30493669046378125,0.5736913584465481,0.6102418539153017,0.5371408629777943,Actual
KHM,Cambodia,East Asia,Economic Fragility,0.7104462900446205,0.7349003219851311,0.6859922581041098,0.5736913584465481,0.6102418539153017,0.5371408629777943,Actual
KHM,Cambodia,East Asia,Food Security,0.9251577264547919,0.9459836185784367,0.904331834331147,0.5736913584465481,0.6102418539153017,0.5371408629777943,Actual
KHM,Cambodia,East Asia,Healthcare,0.10482025016660135,0.16402649310269352,0.045614007230509186,0.5736913584465481,0.6102418539153017,0.5371408629777943,Actual
KHM,Cambodia,East Asia,Political Stability,0.7007974155521506,0.7316175299622838,0.6699773011420174,0.5736913584465481,0.6102418539153017,0.5371408629777943,Actual
KOR,"Korea, Rep.",East Asia,Climate & Energy,0.7041284761861251,0.7349867733492959,0.6732701790229543,0.7942221961423933,0.8148124398318393,0.7736319524529472,Actual
KOR,"Korea, Rep.",East Asia,Digital Infrastructure,1.0,1.0,1.0,0.7942221961423933,0.8148124398318393,0.7736319524529472,Actual
KOR,"Korea, Rep.",East Asia,Economic Fragility,0.7355470862826365,0.7476547706154476,0.7234394019498255,0.7942221961423933,0.8148124398318393,0.7736319524529472,Actual
KOR,"Korea, Rep.",East Asia,Food Security,0.8937408520422306,0.9102733606992137,0.8772083433852476,0.7942221961423933,0.8148124398318393,0.7736319524529472,Actual
KOR,"Korea, Rep.",East Asia,Healthcare,0.691547068122226,0.7270365710147122,0.6560575652297398,0.7942221961423933,0.8148124398318393,0.7736319524529472,Actual
KOR,"Korea, Rep.",East Asia,Political Stability,0.7403696942211417,0.7689231633123664,0.711816225129917,0.7942221961423933,0.8148124398318393,0.7736319524529472,Actual
KWT,Kuwait,Middle East,Climate & Energy,0.7317060710547277,0.7756216337745218,0.6877905083349337,0.6357956278584991,0.6793632742277486,0.5922279814892496,Actual
KWT,Kuwait,Middle East,Digital Infrastructure,0.765640391609061,0.7981878609906581,0.733092922227464,0.6357956278584991,0.6793632742277486,0.5922279814892496,Actual
KWT,Kuwait,Middle East,Economic Fragility,0.7556449823018836,0.7910511705167772,0.72023879408699,0.6357956278584991,0.6793632742277486,0.5922279814892496,Actual
KWT,Kuwait,Middle East,Food Security,0.6868533888564379,0.7797673827108541,0.5939393950020216,0.6357956278584991,0.6793632742277486,0.5922279814892496,Actual
KWT,Kuwait,Middle East,Healthcare,0.24354248779844667,0.25862985795299,0.22845511764390336,0.6357956278584991,0.6793632742277486,0.5922279814892496,Actual
KWT,Kuwait,Middle East,Political Stability,0.6313864455304374,0.6729217394206902,0.5898511516401846,0.6357956278584991,0.6793632742277486,0.5922279814892496,Actual
LKA,Sri Lanka,South Asia,Climate & Energy,0.5760074727368414,0.5968654026009819,0.5551495428727009,0.5705146121938556,0.6094029771719812,0.5316262472157299,Actual
LKA,Sri Lanka,South Asia,Digital Infrastructure,0.39528512761675216,0.44163192904353044,0.3489383261899739,0.5705146121938556,0.6094029771719812,0.5316262472157299,Actual
LKA,Sri Lanka,South Asia,Economic Fragility,0.7143026506745112,0.7391452458904136,0.6894600554586087,0.5705146121938556,0.6094029771719812,0.5316262472157299,Actual
LKA,Sri Lanka,South Asia,Food Security,0.8369525786164846,0.8852627535458255,0.7886424036871438,0.5705146121938556,0.6094029771719812,0.5316262472157299,Actual
LKA,Sri Lanka,South Asia,Healthcare,0.21009237649268897,0.22382325749598694,0.196361495489391,0.5705146121938556,0.6094029771719812,0.5316262472157299,Actual
LKA,Sri Lanka,South Asia,Political Stability,0.6904474670258551,0.7696892744551486,0.6112056595965617,0.5705146121938556,0.6094029771719812,0.5316262472157299,Actual
LTU,Lithuania,Europe,Climate & Energy,0.7379515535788714,0.7546118943831124,0.7212912127746305,0.7362638225325598,0.7582292333476167,0.7142984117175031,Actual
LTU,Lithuania,Europe,Digital Infrastructure,1.0,1.0,1.0,0.7362638225325598,0.7582292333476167,0.7142984117175031,Actual
LTU,Lithuania,Europe,Economic Fragility,0.7137136365075553,0.7478834016570414,0.6795438713580692,0.7362638225325598,0.7582292333476167,0.7142984117175031,Actual
LTU,Lithuania,Europe,Food Security,0.75974383259181,0.7979943601255837,0.7214933050580363,0.7362638225325598,0.7582292333476167,0.7142984117175031,Actual
LTU,Lithuania,Europe,Healthcare,0.41528268849309447,0.4342127948761995,0.3963525821099894,0.7362638225325598,0.7582292333476167,0.7142984117175031,Actual
LTU,Lithuania,Europe,Political Stability,0.7908912240240281,0.814672949043763,0.7671094990042933,0.7362638225325598,0.7582292333476167,0.7142984117175031,Actual
LUX,Luxembourg,Europe,Climate & Energy,0.71203806503327,0.7360631099083964,0.6880130201581437,0.7255641664399183,0.7451927745148295,0.7059355583650072,Actual
LUX,Luxembourg,Europe,Digital Infrastructure,1.0,1.0,1.0,0.7255641664399183,0.7451927745148295,0.7059355583650072,Actual
LUX,Luxembourg,Europe,Economic Fragility,0.7331535550872696,0.7510813164813233,0.715225793693216,0.7255641664399183,0.7451927745148295,0.7059355583650072,Actual
LUX,Luxembourg,Europe,Food Security,0.7750998002642144,0.8072033174307092,0.7429962830977197,0.7255641664399183,0.7451927745148295,0.7059355583650072,Actual
LUX,Luxembourg,Europe,Healthcare,0.2848603398383469,0.31155313033250465,0.2581675493441892,0.7255641664399183,0.7451927745148295,0.7059355583650072,Actual
LUX,Luxembourg,Europe,Political Stability,0.8482332384164089,0.8652557729360434,0.8312107038967743,0.7255641664399183,0.7451927745148295,0.7059355583650072,Actual
LVA,Latvia,Europe,Climate & Energy,0.7326969423507488,0.7461566397198061,0.7192372449816915,0.7011979548778626,0.7272144504778587,0.6751814592778663,Actual
LVA,Latvia,Europe,Digital Infrastructure,1.0,1.0,1.0,0.7011979548778626,0.7272144504778587,0.6751814592778663,Actual
LVA,Latvia,Europe,Economic Fragility,0.7448231368935478,0.7877754605767222,0.7018708132103735,0.7011979548778626,0.7272144504778587,0.6751814592778663,Actual
LVA,Latvia,Europe,Food Security,0.6928682921655902,0.739552086402867,0.6461844979283135,0.7011979548778626,0.7272144504778587,0.6751814592778663,Actual
LVA,Latvia,Europe,Healthcare,0.34259428490804433,0.3608859427629563,0.32430262705313234,0.7011979548778626,0.7272144504778587,0.6751814592778663,Actual
LVA,Latvia,Europe,Political Stability,0.6942050729492442,0.7289165734048011,0.6594935724936872,0.7011979548778626,0.7272144504778587,0.6751814592778663,Actual
MAR,Morocco,Africa,Climate & Energy,0.7162889181092869,0.7425111589153948,0.6900666773031789,0.6055730502677721,0.6331672296294609,0.5779788709060832,Actual
MAR,Morocco,Africa,Digital Infrastructure,0.7058337913549764,0.7289759575596365,0.6826916251503162,0.6055730502677721,0.6331672296294609,0.5779788709060832,Actual
MAR,Morocco,Africa,Economic Fragility,0.7255661304874348,0.7460753055520529,0.7050569554228167,0.6055730502677721,0.6331672296294609,0.5779788709060832,Actual
MAR,Morocco,Africa,Food Security,0.780781541419254,0.8320876518504341,0.729475430988074,0.6055730502677721,0.6331672296294609,0.5779788709060832,Actual
MAR,Morocco,Africa,Healthcare,0.1809991620970619,0.2041307752075744,0.15786754898654942,0.6055730502677721,0.6331672296294609,0.5779788709060832,Actual
MAR,Morocco,Africa,Political Stability,0.5239687581386185,0.5452225286916724,0.5027149875855647,0.6055730502677721,0.6331672296294609,0.5779788709060832,Actual
MDA,Moldova,Europe,Climate & Energy,0.7657400148304863,0.7846238693315282,0.7468561603294444,0.7074376720525423,0.7416210092542076,0.6732543348508769,Actual
MDA,Moldova,Europe,Digital Infrastructure,0.8899614744256397,0.9325306384177318,0.8473923104335476,0.7074376720525423,0.7416210092542076,0.6732543348508769,Actual
MDA,Moldova,Europe,Economic Fragility,0.7265573395116411,0.7615615826725054,0.6915530963507769,0.7074376720525423,0.7416210092542076,0.6732543348508769,Actual
MDA,Moldova,Europe,Food Security,0.9182003341947258,0.9613966374022174,0.8750040309872342,0.7074376720525423,0.7416210092542076,0.6732543348508769,Actual
MDA,Moldova,Europe,Healthcare,0.4229652356435931,0.4529796421078135,0.39295082917937274,0.7074376720525423,0.7416210092542076,0.6732543348508769,Actual
MDA,Moldova,Europe,Political Stability,0.5212016337091678,0.5566336855934494,0.4857695818248863,0.7074376720525423,0.7416210092542076,0.6732543348508769,Actual
MDG,Madagascar,Africa,Climate & Energy,0.38277069636010497,0.4353114320154654,0.33022996070474453,0.3312508250542198,0.3732703975340459,0.2892312525743938,Actual
MDG,Madagascar,Africa,Digital Infrastructure,0.1002945900883212,0.11341474318810651,0.08717443698853589,0.3312508250542198,0.3732703975340459,0.2892312525743938,Actual
MDG,Madagascar,Africa,Economic Fragility,0.7104413347611672,0.7414035242821493,0.6794791452401852,0.3312508250542198,0.3732703975340459,0.2892312525743938,Actual
MDG,Madagascar,Africa,Food Security,0.23809733350994478,0.29673986371199057,0.17945480330789898,0.3312508250542198,0.3732703975340459,0.2892312525743938,Actual
MDG,Madagascar,Africa,Healthcare,0.14036912421410763,0.178777246494114,0.10196100193410126,0.3312508250542198,0.3732703975340459,0.2892312525743938,Actual
MDG,Madagascar,Africa,Political Stability,0.41553187139167314,0.4739755755124495,0.35708816727089676,0.3312508250542198,0.3732703975340459,0.2892312525743938,Actual
MEX,Mexico,North America,Climate & Energy,0.6606301893471773,0.6871240181535383,0.6341363605408163,0.6133997396567933,0.6335343363856205,0.593265142927966,Actual
MEX,Mexico,North America,Digital Infrastructure,0.7954982669631647,0.8145717033521711,0.7764248305741583,0.6133997396567933,0.6335343363856205,0.593265142927966,Actual
MEX,Mexico,North America,Economic Fragility,0.7198142410275618,0.7438322073731762,0.6957962746819473,0.6133997396567933,0.6335343363856205,0.593265142927966,Actual
MEX,Mexico,North America,Food Security,0.889088871601608,0.8992991483172129,0.8788785948860031,0.6133997396567933,0.6335343363856205,0.593265142927966,Actual
MEX,Mexico,North America,Healthcare,0.22796256973350104,0.2355115444725922,0.22041359499440988,0.6133997396567933,0.6335343363856205,0.593265142927966,Actual
MEX,Mexico,North America,Political Stability,0.38740429926774667,0.42086739664503237,0.35394120189046097,0.6133997396567933,0.6335343363856205,0.593265142927966,Actual
MKD,North Macedonia,Europe,Climate & Energy,0.6834417625966047,0.7053494755909898,0.6615340496022196,0.7248517028528975,0.7484143555478121,0.6977754798889362,Actual
MKD,North Macedonia,Europe,Digital Infrastructure,0.9864831399477509,1.0,0.9518848582812218,0.7248517028528975,0.7484143555478121,0.6977754798889362,Actual
MKD,North Macedonia,Europe,Economic Fragility,0.7141750895085198,0.7350230859237742,0.6933270930932655,0.7248517028528975,0.7484143555478121,0.6977754798889362,Actual
MKD,North Macedonia,Europe,Food Security,0.8877961207351177,0.9160248753097662,0.8595673661604692,0.7248517028528975,0.7484143555478121,0.6977754798889362,Actual
MKD,North Macedonia,Europe,Healthcare,0.34791544348918446,0.3647114557374467,0.33111943124092225,0.7248517028528975,0.7484143555478121,0.6977754798889362,Actual
MKD,North Macedonia,Europe,Political Stability,0.7292986608402074,0.7693772407248961,0.6892200809555188,0.7248517028528975,0.7484143555478121,0.6977754798889362,Actual
MLT,Malta,Europe,Climate & Energy,0.6767918181327932,0.7056097903232583,0.6479738459423281,0.7214359311958987,0.7456461930761283,0.6972256693156688,Actual
MLT,Malta,Europe,Digital Infrastructure,1.0,1.0,1.0,0.7214359311958987,0.7456461930761283,0.6972256693156688,Actual
MLT,Malta,Europe,Economic Fragility,0.679090409326476,0.7150482962516937,0.6431325224012583,0.7214359311958987,0.7456461930761283,0.6972256693156688,Actual
MLT,Malta,Europe,Food Security,0.8056048944162076,0.8350712047099901,0.7761385841224252,0.7214359311958987,0.7456461930761283,0.6972256693156688,Actual
MLT,Malta,Europe,Healthcare,0.39958186267165147,0.43126375191839916,0.36789997342490377,0.7214359311958987,0.7456461930761283,0.6972256693156688,Actual
MLT,Malta,Europe,Political Stability,0.7675466026282631,0.7868841152534288,0.7482090900030974,0.7214359311958987,0.7456461930761283,0.6972256693156688,Actual
MNG,Mongolia,East Asia,Climate & Energy,0.6372310630873219,0.6605069842563208,0.613955141918323,0.6869174658995666,0.7235156866079637,0.6467199269854985,Actual
MNG,Mongolia,East Asia,Digital Infrastructure,0.6224138378593054,0.6856729876915455,0.5591546880270652,0.6869174658995666,0.7235156866079637,0.6467199269854985,Actual
MNG,Mongolia,East Asia,Economic Fragility,0.6847145936928878,0.7244766606413142,0.6449525267444614,0.6869174658995666,0.7235156866079637,0.6467199269854985,Actual
MNG,Mongolia,East Asia,Food Security,0.973397989898956,1.0,0.9252000705638876,0.6869174658995666,0.7235156866079637,0.6467199269854985,Actual
MNG,Mongolia,East Asia,Healthcare,0.47464875688186403,0.512657222182868,0.4366402915808601,0.6869174658995666,0.7235156866079637,0.6467199269854985,Actual
MNG,Mongolia,East Asia,Political Stability,0.7290985539770638,0.7577802648757339,0.7004168430783937,0.6869174658995666,0.7235156866079637,0.6467199269854985,Actual
MOZ,Mozambique,Africa,Climate & Energy,0.3588296288002608,0.4081025143334416,0.30955674326708005,0.389217823970319,0.4437454303412296,0.3346902175994084,Actual
MOZ,Mozambique,Africa,Digital Infrastructure,0.1394796809999832,0.1620092849636455,0.11695007703632089,0.389217823970319,0.4437454303412296,0.3346902175994084,Actual
MOZ,Mozambique,Africa,Economic Fragility,0.8459645548012347,0.9128264556968602,0.7791026539056092,0.389217823970319,0.4437454303412296,0.3346902175994084,Actual
MOZ,Mozambique,Africa,Food Security,0.4562319045205365,0.5227411737577948,0.3897226352832782,0.389217823970319,0.4437454303412296,0.3346902175994084,Actual
MOZ,Mozambique,Africa,Healthcare,0.2739202156450826,0.3200119877403595,0.22782844354980575,0.389217823970319,0.4437454303412296,0.3346902175994084,Actual
MOZ,Mozambique,Africa,Political Stability,0.26088095905481623,0.3367811655552761,0.18498075255435636,0.389217823970319,0.4437454303412296,0.3346902175994084,Actual
MUS,Mauritius,Africa,Climate & Energy,0.681687645887334,0.7114083660661581,0.6519669257085099,0.6453037933012981,0.6738989589769746,0.6167086276256214,Actual
MUS,Mauritius,Africa,Digital Infrastructure,0.8576322051087715,0.895002586361857,0.8202618238556859,0.6453037933012981,0.6738989589769746,0.6167086276256214,Actual
MUS,Mauritius,Africa,Economic Fragility,0.7239583836135592,0.7552223016058802,0.6926944656212383,0.6453037933012981,0.6738989589769746,0.6167086276256214,Actual
MUS,Mauritius,Africa,Food Security,0.4959316383582273,0.5329078915761112,0.45895538514034334,0.6453037933012981,0.6738989589769746,0.6167086276256214,Actual
MUS,Mauritius,Africa,Healthcare,0.3195161767776007,0.33307871142174544,0.30595364213345594,0.6453037933012981,0.6738989589769746,0.6167086276256214,Actual
MUS,Mauritius,Africa,Political Stability,0.7930967100622954,0.815773896830096,0.7704195232944948,0.6453037933012981,0.6738989589769746,0.6167086276256214,Actual
MYS,Malaysia,East Asia,Climate & Energy,0.6579061398486137,0.6818962819191813,0.6339159977780461,0.630250631663546,0.6497630649276936,0.6107381983993982,Actual
MYS,Malaysia,East Asia,Digital Infrastructure,0.7603229501777733,0.78157568536945,0.7390702149860966,0.630250631663546,0.6497630649276936,0.6107381983993982,Actual
MYS,Malaysia,East Asia,Economic Fragility,0.7121296076374748,0.7352656482921294,0.6889935669828202,0.630250631663546,0.6497630649276936,0.6107381983993982,Actual
MYS,Malaysia,East Asia,Food Security,0.817959199988084,0.834298184792961,0.8016202151832069,0.630250631663546,0.6497630649276936,0.6107381983993982,Actual
MYS,Malaysia,East Asia,Healthcare,0.21275910377046792,0.21771850057387132,0.2077997069670645,0.630250631663546,0.6497630649276936,0.6107381983993982,Actual
MYS,Malaysia,East Asia,Political Stability,0.6204267885588619,0.6478240886185689,0.5930294884991549,0.630250631663546,0.6497630649276936,0.6107381983993982,Actual
NAM,Namibia,Africa,Climate & Energy,0.47548405018131623,0.4974960764528311,0.45347202390980135,0.560076801641905,0.6125590363127266,0.5075945669710834,Actual
NAM,Namibia,Africa,Digital Infrastructure,0.42636140795722,0.46789250616978567,0.3848303097446543,0.560076801641905,0.6125590363127266,0.5075945669710834,Actual
NAM,Namibia,Africa,Economic Fragility,0.8110422584491683,0.862159749337475,0.7599247675608617,0.560076801641905,0.6125590363127266,0.5075945669710834,Actual
NAM,Namibia,Africa,Food Security,0.6017661095948714,0.6498786748961269,0.5536535442936159,0.560076801641905,0.6125590363127266,0.5075945669710834,Actual
NAM,Namibia,Africa,Healthcare,0.2399242249407081,0.33041652769295726,0.1494319221884589,0.560076801641905,0.6125590363127266,0.5075945669710834,Actual
NAM,Namibia,Africa,Political Stability,0.8058827587281456,0.8675106833271834,0.7442548341291079,0.560076801641905,0.6125590363127266,0.5075945669710834,Actual
NIC,Nicaragua,Central America & Caribbean,Climate & Energy,0.6069606865226396,0.6250855929700951,0.588835780075184,0.5110663435004236,0.5454292751945252,0.47670341180632203,Actual
NIC,Nicaragua,Central America & Caribbean,Digital Infrastructure,0.38206915707696965,0.4115960439578327,0.35254227019610657,0.5110663435004236,0.5454292751945252,0.47670341180632203,Actual
NIC,Nicaragua,Central America & Caribbean,Economic Fragility,0.7038242393586,0.7306518183881738,0.6769966603290261,0.5110663435004236,0.5454292751945252,0.47670341180632203,Actual
NIC,Nicaragua,Central America & Caribbean,Food Security,0.6049078885598975,0.6432433805745735,0.5665723965452215,0.5110663435004236,0.5454292751945252,0.47670341180632203,Actual
NIC,Nicaragua,Central America & Caribbean,Healthcare,0.268883827563946,0.31623960958559394,0.22152804554229807,0.5110663435004236,0.5454292751945252,0.47670341180632203,Actual
NIC,Nicaragua,Central America & Caribbean,Political Stability,0.4997522619204888,0.5457592056908819,0.4537453181500958,0.5110663435004236,0.5454292751945252,0.47670341180632203,Actual
NLD,Netherlands,Europe,Climate & Energy,0.7028897010617587,0.730720341270892,0.6750590608526255,0.7251298451802496,0.7462901195212589,0.7039695708392403,Actual
NLD,Netherlands,Europe,Digital Infrastructure,1.0,1.0,1.0,0.7251298451802496,0.7462901195212589,0.7039695708392403,Actual
NLD,Netherlands,Europe,Economic Fragility,0.7196869611363144,0.7381187162379719,0.7012552060346569,0.7251298451802496,0.7462901195212589,0.7039695708392403,Actual
NLD,Netherlands,Europe,Food Security,0.7603603903989065,0.7884650427063928,0.7322557380914201,0.7251298451802496,0.7462901195212589,0.7039695708392403,Actual
NLD,Netherlands,Europe,Healthcare,0.4315532555725641,0.44994113827761695,0.4131653728675112,0.7251298451802496,0.7462901195212589,0.7039695708392403,Actual
NLD,Netherlands,Europe,Political Stability,0.7362887629119541,0.7704954786346796,0.7020820471892286,0.7251298451802496,0.7462901195212589,0.7039695708392403,Actual
NOR,Norway,Europe,Climate & Energy,0.6922343818234811,0.6953940919998746,0.6890746716470876,0.7459448127351518,0.7574752330217699,0.7344143924485337,Actual
NOR,Norway,Europe,Digital Infrastructure,1.0,1.0,1.0,0.7459448127351518,0.7574752330217699,0.7344143924485337,Actual
NOR,Norway,Europe,Economic Fragility,0.7237574737599228,0.7343647102426925,0.7131502372771532,0.7459448127351518,0.7574752330217699,0.7344143924485337,Actual
NOR,Norway,Europe,Food Security,0.8055542908673807,0.8252826766228887,0.7858259051118728,0.7459448127351518,0.7574752330217699,0.7344143924485337,Actual
NOR,Norway,Europe,Healthcare,0.4456655534783147,0.45936422515303965,0.4319668818035898,0.7459448127351518,0.7574752330217699,0.7344143924485337,Actual
NOR,Norway,Europe,Political Stability,0.8084571764818111,0.8304456941121239,0.7864686588514984,0.7459448127351518,0.7574752330217699,0.7344143924485337,Actual
NPL,Nepal,South Asia,Climate & Energy,0.6642111260769443,0.7000908521130256,0.6283314000408631,0.5536238666255865,0.5979413887275156,0.5093063445236575,Actual
NPL,Nepal,South Asia,Digital Infrastructure,0.4088472434136676,0.4726575429175841,0.34503694390975115,0.5536238666255865,0.5979413887275156,0.5093063445236575,Actual
NPL,Nepal,South Asia,Economic Fragility,0.6855677173685076,0.7033932153032232,0.6677422194337921,0.5536238666255865,0.5979413887275156,0.5093063445236575,Actual
NPL,Nepal,South Asia,Food Security,0.7242498948983132,0.7954545769755434,0.6530452128210829,0.5536238666255865,0.5979413887275156,0.5093063445236575,Actual
NPL,Nepal,South Asia,Healthcare,0.1500145641921451,0.16429441401343267,0.13573471437085752,0.5536238666255865,0.5979413887275156,0.5093063445236575,Actual
NPL,Nepal,South Asia,Political Stability,0.6888526538039415,0.7517577310422842,0.6259475765655987,0.5536238666255865,0.5979413887275156,0.5093063445236575,Actual
NZL,New Zealand,Oceania,Climate & Energy,0.7100155656033369,0.728923225482226,0.6911079057244478,0.7504775325020931,0.764986067622296,0.7359689973818905,Actual
NZL,New Zealand,Oceania,Digital Infrastructure,1.0,1.0,1.0,0.7504775325020931,0.764986067622296,0.7359689973818905,Actual
NZL,New Zealand,Oceania,Economic Fragility,0.715879658384668,0.7267405990772277,0.7050187176921084,0.7504775325020931,0.764986067622296,0.7359689973818905,Actual
NZL,New Zealand,Oceania,Food Security,0.7706566056984361,0.7952644818651413,0.7460487295317308,0.7504775325020931,0.764986067622296,0.7359689973818905,Actual
NZL,New Zealand,Oceania,Healthcare,0.36038101332949335,0.37112161626353585,0.34964041039545085,0.7504775325020931,0.764986067622296,0.7359689973818905,Actual
NZL,New Zealand,Oceania,Political Stability,0.9459323519966247,0.9678664830456447,0.9239982209476048,0.7504775325020931,0.764986067622296,0.7359689973818905,Actual
OMN,Oman,Middle East,Climate & Energy,0.7694542113998635,0.8058911696182103,0.7330172531815167,0.6699402387868131,0.7154330322863763,0.6244474452872498,Actual
OMN,Oman,Middle East,Digital Infrastructure,0.856325029392643,0.8996256961063299,0.8130243626789561,0.6699402387868131,0.7154330322863763,0.6244474452872498,Actual
OMN,Oman,Middle East,Economic Fragility,0.7576473057147366,0.8102689613602448,0.7050256500692283,0.6699402387868131,0.7154330322863763,0.6244474452872498,Actual
OMN,Oman,Middle East,Food Security,0.8102324371046699,0.910314037345729,0.7101508368636107,0.6699402387868131,0.7154330322863763,0.6244474452872498,Actual
OMN,Oman,Middle East,Healthcare,0.14910621580961458,0.1627341098476704,0.13547832177155877,0.6699402387868131,0.7154330322863763,0.6244474452872498,Actual
OMN,Oman,Middle East,Political Stability,0.6768762332993514,0.7037642194400741,0.6499882471586288,0.6699402387868131,0.7154330322863763,0.6244474452872498,Actual
PAK,Pakistan,South Asia,Climate & Energy,0.614145788506737,0.6307178067256374,0.5975737702878365,0.3809298628128234,0.41196829520296085,0.35348171855775723,Actual
PAK,Pakistan,South Asia,Digital Infrastructure,0.158708922470284,0.17348916988154495,0.14392867505902307,0.3809298628128234,0.41196829520296085,0.35348171855775723,Actual
PAK,Pakistan,South Asia,Economic Fragility,0.6749813372151747,0.6910372005670427,0.6589254738633068,0.3809298628128234,0.41196829520296085,0.35348171855775723,Actual
PAK,Pakistan,South Asia,Food Security,0.6817503386750836,0.7242209813779018,0.6392796959722654,0.3809298628128234,0.41196829520296085,0.35348171855775723,Actual
PAK,Pakistan,South Asia,Healthcare,0.09002480222921294,0.09886690829431422,0.08118269616411167,0.3809298628128234,0.41196829520296085,0.35348171855775723,Actual
PAK,Pakistan,South Asia,Political Stability,0.06596798778044821,0.15347770437132432,0.0,0.3809298628128234,0.41196829520296085,0.35348171855775723,Actual
PAN,Panama,Central America & Caribbean,Climate & Energy,0.6855753194668592,0.7033099109460543,0.6678407279876641,0.6480886625856288,0.6835639878186912,0.6126133373525664,Actual
PAN,Panama,Central America & Caribbean,Digital Infrastructure,0.7262712785322876,0.7519760131397557,0.7005665439248194,0.6480886625856288,0.6835639878186912,0.6126133373525664,Actual
PAN,Panama,Central America & Caribbean,Economic Fragility,0.6994680806614855,0.7471715741582948,0.6517645871646761,0.6480886625856288,0.6835639878186912,0.6126133373525664,Actual
PAN,Panama,Central America & Caribbean,Food Security,0.8236240744463075,0.8939739899714374,0.7532741589211776,0.6480886625856288,0.6835639878186912,0.6126133373525664,Actual
PAN,Panama,Central America & Caribbean,Healthcare,0.2667294589250089,0.28254553275751526,0.2509133850925025,0.6480886625856288,0.6835639878186912,0.6126133373525664,Actual
PAN,Panama,Central America & Caribbean,Political Stability,0.6868637634818242,0.7224069059390895,0.6513206210245589,0.6480886625856288,0.6835639878186912,0.6126133373525664,Actual
PER,Peru,South America,Climate & Energy,0.7039176149396908,0.7178535457220504,0.6899816841573313,0.6123329303308988,0.6394678978580647,0.5851979628037327,Actual
PER,Peru,South America,Digital Infrastructure,0.6082489563548918,0.625564080549104,0.5909338321606797,0.6123329303308988,0.6394678978580647,0.5851979628037327,Actual
PER,Peru,South America,Economic Fragility,0.7158487794479743,0.7470369544022113,0.6846606044937373,0.6123329303308988,0.6394678978580647,0.5851979628037327,Actual
PER,Peru,South America,Food Security,0.8592790032259856,0.9095496188304694,0.8090083876215018,0.6123329303308988,0.6394678978580647,0.5851979628037327,Actual
PER,Peru,South America,Healthcare,0.16839176216373503,0.18345359562819977,0.15332992869927028,0.6123329303308988,0.6394678978580647,0.5851979628037327,Actual
PER,Peru,South America,Political Stability,0.6183114658531146,0.6533495920163537,0.5832733396898755,0.6123329303308988,0.6394678978580647,0.5851979628037327,Actual
PHL,Philippines,East Asia,Climate & Energy,0.6001147281783021,0.6144910388022132,0.585738417554391,0.5367256371708834,0.5687487119318121,0.5047025624099547,Actual
PHL,Philippines,East Asia,Digital Infrastructure,0.5444427293961454,0.5885574496211314,0.5003280091711593,0.5367256371708834,0.5687487119318121,0.5047025624099547,Actual
PHL,Philippines,East Asia,Economic Fragility,0.6946200529955908,0.7191594060607595,0.6700806999304222,0.5367256371708834,0.5687487119318121,0.5047025624099547,Actual
PHL,Philippines,East Asia,Food Security,0.7366224912002859,0.7632343763921943,0.7100106060083775,0.5367256371708834,0.5687487119318121,0.5047025624099547,Actual
PHL,Philippines,East Asia,Healthcare,0.1607138947287714,0.18602091673707657,0.13540687272046623,0.5367256371708834,0.5687487119318121,0.5047025624099547,Actual
PHL,Philippines,East Asia,Political Stability,0.4838399265262048,0.5410290839774973,0.4266507690749123,0.5367256371708834,0.5687487119318121,0.5047025624099547,Actual
POL,Poland,Europe,Climate & Energy,0.724493186843425,0.7513526888309967,0.6976336848558533,0.7316167955062967,0.7615340934072797,0.7016994976053136,Actual
POL,Poland,Europe,Digital Infrastructure,0.9512918787415288,0.995134444083736,0.9074493133993216,0.7316167955062967,0.7615340934072797,0.7016994976053136,Actual
POL,Poland,Europe,Economic Fragility,0.7000409772587575,0.717781997297617,0.6822999572198979,0.7316167955062967,0.7615340934072797,0.7016994976053136,Actual
POL,Poland,Europe,Food Security,0.8241612622666628,0.8440866556486606,0.8042358688846649,0.7316167955062967,0.7615340934072797,0.7016994976053136,Actual
POL,Poland,Europe,Healthcare,0.4214485478006953,0.4427087496178396,0.40018834598355096,0.7316167955062967,0.7615340934072797,0.7016994976053136,Actual
POL,Poland,Europe,Political Stability,0.7682649201267107,0.8181400249648278,0.7183898152885935,0.7316167955062967,0.7615340934072797,0.7016994976053136,Actual
PRT,Portugal,Europe,Climate & Energy,0.7108948429903603,0.7288857068774163,0.6929039791033044,0.739958890748774,0.7608446523156706,0.7190731291818772,Actual
PRT,Portugal,Europe,Digital Infrastructure,1.0,1.0,1.0,0.739958890748774,0.7608446523156706,0.7190731291818772,Actual
PRT,Portugal,Europe,Economic Fragility,0.721416883252692,0.74577110501749,0.6970626614878941,0.739958890748774,0.7608446523156706,0.7190731291818772,Actual
PRT,Portugal,Europe,Food Security,0.7300111425179843,0.7651883278889184,0.6948339571470501,0.739958890748774,0.7608446523156706,0.7190731291818772,Actual
PRT,Portugal,Europe,Healthcare,0.5128418358727984,0.5240068164291818,0.501676855316415,0.739958890748774,0.7608446523156706,0.7190731291818772,Actual
PRT,Portugal,Europe,Political Stability,0.7645886398588084,0.801215957681017,0.7279613220365998,0.739958890748774,0.7608446523156706,0.7190731291818772,Actual
PRY,Paraguay,South America,Climate & Energy,0.6904789855440576,0.692833914902783,0.6881240561853322,0.6790415832162348,0.7079337231018195,0.6441583322458159,Actual
PRY,Paraguay,South America,Digital Infrastructure,0.6719319125634158,0.7058427636834197,0.6380210614434119,0.6790415832162348,0.7079337231018195,0.6441583322458159,Actual
PRY,Paraguay,South America,Economic Fragility,0.7066751819038652,0.7307389395832636,0.6826114242244669,0.6790415832162348,0.7079337231018195,0.6441583322458159,Actual
PRY,Paraguay,South America,Food Security,0.9648666203158349,1.0,0.8937865741226637,0.6790415832162348,0.7079337231018195,0.6441583322458159,Actual
PRY,Paraguay,South America,Healthcare,0.3059404650297388,0.3421563175578626,0.26972461250161506,0.6790415832162348,0.7079337231018195,0.6441583322458159,Actual
PRY,Paraguay,South America,Political Stability,0.7343563339404966,0.7760304028835876,0.6926822649974056,0.6790415832162348,0.7079337231018195,0.6441583322458159,Actual
ROU,Romania,Europe,Climate & Energy,0.7211589386231205,0.74226794536072,0.700049931885521,0.7307855581535998,0.7546638845514456,0.706907231755754,Actual
ROU,Romania,Europe,Digital Infrastructure,1.0,1.0,1.0,0.7307855581535998,0.7546638845514456,0.706907231755754,Actual
ROU,Romania,Europe,Economic Fragility,0.7508345383637476,0.7851016983014178,0.7165673784260773,0.7307855581535998,0.7546638845514456,0.706907231755754,Actual
ROU,Romania,Europe,Food Security,0.812432134453811,0.8378738740159989,0.7869903948916231,0.7307855581535998,0.7546638845514456,0.706907231755754,Actual
ROU,Romania,Europe,Healthcare,0.37307073745183006,0.4001070838099048,0.34603439109375533,0.7307855581535998,0.7546638845514456,0.706907231755754,Actual
ROU,Romania,Europe,Political Stability,0.7272170000290892,0.7626327058206315,0.6918012942375469,0.7307855581535998,0.7546638845514456,0.706907231755754,Actual
RUS,Russian Federation,Europe,Climate & Energy,0.722445890273157,0.7556713204286661,0.6892204601176478,0.7253948036824683,0.745679816854552,0.694483639385339,Actual
RUS,Russian Federation,Europe,Digital Infrastructure,1.0,1.0,0.997988151603032,0.7253948036824683,0.745679816854552,0.694483639385339,Actual
RUS,Russian Federation,Europe,Economic Fragility,0.7582946879815671,0.782645762900023,0.7339436130631112,0.7253948036824683,0.745679816854552,0.694483639385339,Actual
RUS,Russian Federation,Europe,Food Security,1.0,1.0,0.9382549416466932,0.7253948036824683,0.745679816854552,0.694483639385339,Actual
RUS,Russian Federation,Europe,Healthcare,0.38171641553841695,0.40390666000799363,0.3595261710688403,0.7253948036824683,0.745679816854552,0.694483639385339,Actual
RUS,Russian Federation,Europe,Political Stability,0.48991182830166924,0.531855157790629,0.4479684988127095,0.7253948036824683,0.745679816854552,0.694483639385339,Actual
RWA,Rwanda,Africa,Climate & Energy,0.44917103896286736,0.4886342125183176,0.4097078654074171,0.4332420288308596,0.4748237793947472,0.39166027826697203,Actual
RWA,Rwanda,Africa,Digital Infrastructure,0.1943550660452562,0.20898312976635325,0.17972700232415917,0.4332420288308596,0.4748237793947472,0.39166027826697203,Actual
RWA,Rwanda,Africa,Economic Fragility,0.671521579900094,0.6965155659650356,0.6465275938351523,0.4332420288308596,0.4748237793947472,0.39166027826697203,Actual
RWA,Rwanda,Africa,Food Security,0.3741102935230716,0.4263629475481896,0.32185763949795365,0.4332420288308596,0.4748237793947472,0.39166027826697203,Actual
RWA,Rwanda,Africa,Healthcare,0.07720597234609805,0.1457371737480252,0.00867477094417092,0.4332420288308596,0.4748237793947472,0.39166027826697203,Actual
RWA,Rwanda,Africa,Political Stability,0.8330882222077705,0.8827096468225619,0.783466797592979,0.4332420288308596,0.4748237793947472,0.39166027826697203,Actual
SAU,Saudi Arabia,Middle East,Climate & Energy,0.7493780574833071,0.7867137678739906,0.7120423470926236,0.670540248954083,0.7010067746951941,0.6400737232129718,Actual
SAU,Saudi Arabia,Middle East,Digital Infrastructure,1.0,1.0,1.0,0.670540248954083,0.7010067746951941,0.6400737232129718,Actual
SAU,Saudi Arabia,Middle East,Economic Fragility,0.7073224710358337,0.7363193618590581,0.6783255802126092,0.670540248954083,0.7010067746951941,0.6400737232129718,Actual
SAU,Saudi Arabia,Middle East,Food Security,0.8067814283702894,0.8691393554249006,0.7444235013156782,0.670540248954083,0.7010067746951941,0.6400737232129718,Actual
SAU,Saudi Arabia,Middle East,Healthcare,0.3141041007654728,0.3269838622869894,0.3012243392439562,0.670540248954083,0.7010067746951941,0.6400737232129718,Actual
SAU,Saudi Arabia,Middle East,Political Stability,0.445655436069595,0.4868843007262261,0.4044265714129639,0.670540248954083,0.7010067746951941,0.6400737232129718,Actual
SGP,Singapore,East Asia,Climate & Energy,0.6849463779605625,0.7188592014997509,0.651033554421374,0.7496310385140993,0.7686747065617886,0.7226012005612872,Actual
SGP,Singapore,East Asia,Digital Infrastructure,0.994840617835898,1.0,0.9417642162410597,0.7496310385140993,0.7686747065617886,0.7226012005612872,Actual
SGP,Singapore,East Asia,Economic Fragility,0.7192214307650584,0.7478410221825907,0.6906018393475261,0.7496310385140993,0.7686747065617886,0.7226012005612872,Actual
SGP,Singapore,East Asia,Food Security,0.8618901872558489,0.8759349689249488,0.8478454055867489,0.7496310385140993,0.7686747065617886,0.7226012005612872,Actual
SGP,Singapore,East Asia,Healthcare,0.2650616906967542,0.2776034793146255,0.252519902078883,0.7496310385140993,0.7686747065617886,0.7226012005612872,Actual
SGP,Singapore,East Asia,Political Stability,0.9718259265704736,0.9918095674488159,0.9518422856921314,0.7496310385140993,0.7686747065617886,0.7226012005612872,Actual
SLV,El Salvador,Central America & Caribbean,Climate & Energy,0.6896416715654201,0.7071028897373507,0.6721804533934895,0.5460866234182343,0.5774428605997944,0.5147303862366741,Actual
SLV,El Salvador,Central America & Caribbean,Digital Infrastructure,0.5444237853771412,0.5799173066450098,0.5089302641092726,0.5460866234182343,0.5774428605997944,0.5147303862366741,Actual
SLV,El Salvador,Central America & Caribbean,Economic Fragility,0.7113388076540796,0.7357172613636875,0.6869603539444717,0.5460866234182343,0.5774428605997944,0.5147303862366741,Actual
SLV,El Salvador,Central America & Caribbean,Food Security,0.589936406749537,0.6227099275541716,0.5571628859449023,0.5460866234182343,0.5774428605997944,0.5147303862366741,Actual
SLV,El Salvador,Central America & Caribbean,Healthcare,0.18982137013841083,0.2383443202749554,0.14129842000186627,0.5460866234182343,0.5774428605997944,0.5147303862366741,Actual
SLV,El Salvador,Central America & Caribbean,Political Stability,0.551357699024817,0.5808654580235917,0.5218499400260423,0.5460866234182343,0.5774428605997944,0.5147303862366741,Actual
SVK,Slovak Republic,Europe,Climate & Energy,0.7105013403885927,0.7363692992762366,0.6846333815009488,0.7467676738895629,0.7646145223201543,0.7289208254589713,Actual
SVK,Slovak Republic,Europe,Digital Infrastructure,1.0,1.0,1.0,0.7467676738895629,0.7646145223201543,0.7289208254589713,Actual
SVK,Slovak Republic,Europe,Economic Fragility,0.7293043183987722,0.7530879015945536,0.7055207352029907,0.7467676738895629,0.7646145223201543,0.7289208254589713,Actual
SVK,Slovak Republic,Europe,Food Security,0.8970814868771844,0.9108127047462966,0.8833502690080721,0.7467676738895629,0.7646145223201543,0.7289208254589713,Actual
SVK,Slovak Republic,Europe,Healthcare,0.38568493768035894,0.3951026544776349,0.376267220883083,0.7467676738895629,0.7646145223201543,0.7289208254589713,Actual
SVK,Slovak Republic,Europe,Political Stability,0.7580339599924688,0.7923145738262043,0.7237533461587333,0.7467676738895629,0.7646145223201543,0.7289208254589713,Actual
SVN,Slovenia,Europe,Climate & Energy,0.7050387147563537,0.7278672505572868,0.6822101789554206,0.7451471458775831,0.7625000288215927,0.7277942629335735,Actual
SVN,Slovenia,Europe,Digital Infrastructure,1.0,1.0,1.0,0.7451471458775831,0.7625000288215927,0.7277942629335735,Actual
SVN,Slovenia,Europe,Economic Fragility,0.7259833156180284,0.752709555490077,0.6992570757459798,0.7451471458775831,0.7625000288215927,0.7277942629335735,Actual
SVN,Slovenia,Europe,Food Security,0.8686385775367786,0.8901490131279005,0.8471281419456568,0.7451471458775831,0.7625000288215927,0.7277942629335735,Actual
SVN,Slovenia,Europe,Healthcare,0.4140336471381829,0.4291581679608791,0.39890912631548675,0.7451471458775831,0.7625000288215927,0.7277942629335735,Actual
SVN,Slovenia,Europe,Political Stability,0.7571886202161551,0.7751161857934125,0.7392610546388977,0.7451471458775831,0.7625000288215927,0.7277942629335735,Actual
SWE,Sweden,Europe,Climate & Energy,0.7198967984296192,0.7260306942815113,0.713762902577727,0.7443541704534975,0.7584604398982401,0.7302479010087549,Actual
SWE,Sweden,Europe,Digital Infrastructure,1.0,1.0,1.0,0.7443541704534975,0.7584604398982401,0.7302479010087549,Actual
SWE,Sweden,Europe,Economic Fragility,0.7234201115865153,0.7402565812379667,0.706583641935064,0.7443541704534975,0.7584604398982401,0.7302479010087549,Actual
SWE,Sweden,Europe,Food Security,0.7832453252142075,0.8004664306622922,0.7660242197661229,0.7443541704534975,0.7584604398982401,0.7302479010087549,Actual
SWE,Sweden,Europe,Healthcare,0.4749581491711563,0.5064343376875193,0.4434819606547933,0.7443541704534975,0.7584604398982401,0.7302479010087549,Actual
SWE,Sweden,Europe,Political Stability,0.7646046383194864,0.7775745955201508,0.751634681118822,0.7443541704534975,0.7584604398982401,0.7302479010087549,Actual
SWZ,Eswatini,Africa,Climate & Energy,0.6477552526352728,0.6752299742931357,0.6202805309774099,0.48514366953014226,0.5339091650814847,0.4363781739787998,Actual
SWZ,Eswatini,Africa,Digital Infrastructure,0.38726375013386516,0.4137265009449858,0.3608009993227445,0.48514366953014226,0.5339091650814847,0.4363781739787998,Actual
SWZ,Eswatini,Africa,Economic Fragility,0.559459438032226,0.6114496806250499,0.507469195439402,0.48514366953014226,0.5339091650814847,0.4363781739787998,Actual
SWZ,Eswatini,Africa,Food Security,0.5344668721427079,0.5999127978754671,0.46902094640994874,0.48514366953014226,0.5339091650814847,0.4363781739787998,Actual
SWZ,Eswatini,Africa,Healthcare,0.2809380117097682,0.3685264290357605,0.19334959438377589,0.48514366953014226,0.5339091650814847,0.4363781739787998,Actual
SWZ,Eswatini,Africa,Political Stability,0.5009786925270134,0.5346096077145092,0.46734777733951766,0.48514366953014226,0.5339091650814847,0.4363781739787998,Actual
TGO,Togo,Africa,Climate & Energy,0.4614360267518962,0.5061451069046967,0.4167269465990957,0.42988398111769505,0.47064627518241847,0.3891216870529716,Actual
TGO,Togo,Africa,Digital Infrastructure,0.19833376776789358,0.22623641518174134,0.1704311203540458,0.42988398111769505,0.47064627518241847,0.3891216870529716,Actual
TGO,Togo,Africa,Economic Fragility,0.6718057239053192,0.689909410174755,0.6537020376358834,0.42988398111769505,0.47064627518241847,0.3891216870529716,Actual
TGO,Togo,Africa,Food Security,0.6742026716867677,0.7349249142190215,0.613480429154514,0.42988398111769505,0.47064627518241847,0.3891216870529716,Actual
TGO,Togo,Africa,Healthcare,0.16134473756347667,0.19187970056909004,0.1308097745578633,0.42988398111769505,0.47064627518241847,0.3891216870529716,Actual
TGO,Togo,Africa,Political Stability,0.41218095903081675,0.47478210404520593,0.34957981401642757,0.42988398111769505,0.47064627518241847,0.3891216870529716,Actual
THA,Thailand,East Asia,Climate & Energy,0.7124926120104771,0.7323696185009381,0.6926156055200161,0.6049557377540062,0.6441876063631399,0.5657238691448726,Actual
THA,Thailand,East Asia,Digital Infrastructure,0.755772388557908,0.8053352795568081,0.7062094975590079,0.6049557377540062,0.6441876063631399,0.5657238691448726,Actual
THA,Thailand,East Asia,Economic Fragility,0.7422097089023119,0.7621591703550917,0.722260247449532,0.6049557377540062,0.6441876063631399,0.5657238691448726,Actual
THA,Thailand,East Asia,Food Security,0.8664837886236141,0.8862607382072896,0.8467068390399386,0.6049557377540062,0.6441876063631399,0.5657238691448726,Actual
THA,Thailand,East Asia,Healthcare,0.17305730394650887,0.19125373903982182,0.15486086885319592,0.6049557377540062,0.6441876063631399,0.5657238691448726,Actual
THA,Thailand,East Asia,Political Stability,0.3797186244832176,0.4877470925188898,0.27169015644754535,0.6049557377540062,0.6441876063631399,0.5657238691448726,Actual
TJK,Tajikistan,Central Asia,Climate & Energy,0.6863429442362392,0.7012541235051687,0.6714317649673097,0.4978338375264583,0.5556051964223251,0.44006247863059156,Actual
TJK,Tajikistan,Central Asia,Digital Infrastructure,0.32424008392012027,0.4024728370330443,0.24600733080719622,0.4978338375264583,0.5556051964223251,0.44006247863059156,Actual
TJK,Tajikistan,Central Asia,Economic Fragility,0.4269416225665488,0.5157611598647539,0.33812208526834364,0.4978338375264583,0.5556051964223251,0.44006247863059156,Actual
TJK,Tajikistan,Central Asia,Food Security,0.695159834360858,0.8128061811115955,0.5775134876101206,0.4978338375264583,0.5556051964223251,0.44006247863059156,Actual
TJK,Tajikistan,Central Asia,Healthcare,0.2964722549537684,0.30729274615153446,0.2856517637560023,0.4978338375264583,0.5556051964223251,0.44006247863059156,Actual
TJK,Tajikistan,Central Asia,Political Stability,0.5578462851212151,0.5940441308678535,0.5216484393745768,0.4978338375264583,0.5556051964223251,0.44006247863059156,Actual
TUN,Tunisia,Africa,Climate & Energy,0.6831413683138194,0.7045784309623033,0.6617043056653356,0.573079636302999,0.6015963897284596,0.5445628828775383,Actual
TUN,Tunisia,Africa,Digital Infrastructure,0.6699586697029503,0.6943807404268743,0.6455365989790263,0.573079636302999,0.6015963897284596,0.5445628828775383,Actual
TUN,Tunisia,Africa,Economic Fragility,0.7270186823294462,0.747233892707359,0.7068034719515335,0.573079636302999,0.6015963897284596,0.5445628828775383,Actual
TUN,Tunisia,Africa,Food Security,0.7765636690343061,0.8023330726386884,0.7507942654299238,0.573079636302999,0.6015963897284596,0.5445628828775383,Actual
TUN,Tunisia,Africa,Healthcare,0.2833509237617715,0.30931340378340366,0.25738844374013936,0.573079636302999,0.6015963897284596,0.5445628828775383,Actual
TUN,Tunisia,Africa,Political Stability,0.2984445046757003,0.35173879785212947,0.24515021149927108,0.573079636302999,0.6015963897284596,0.5445628828775383,Actual
TUR,Turkiye,Europe,Climate & Energy,0.692601564760813,0.7197534904451419,0.6654496390764841,0.5980885542748139,0.6295349316595495,0.5666421768900782,Actual
TUR,Turkiye,Europe,Digital Infrastructure,0.8597344185752789,0.8798592594679839,0.8396095776825738,0.5980885542748139,0.6295349316595495,0.5666421768900782,Actual
TUR,Turkiye,Europe,Economic Fragility,0.6414151842083793,0.6946814359857296,0.588148932431029,0.5980885542748139,0.6295349316595495,0.5666421768900782,Actual
TUR,Turkiye,Europe,Food Security,0.9194070654682607,0.9476360676272364,0.891178063309285,0.5980885542748139,0.6295349316595495,0.5666421768900782,Actual
TUR,Turkiye,Europe,Healthcare,0.20963909481094145,0.21680235725841696,0.20247583236346595,0.5980885542748139,0.6295349316595495,0.5666421768900782,Actual
TUR,Turkiye,Europe,Political Stability,0.26573399782521,0.3184769791727886,0.21299101647763144,0.5980885542748139,0.6295349316595495,0.5666421768900782,Actual
UKR,Ukraine,Europe,Climate & Energy,0.6793587747395655,0.706914616107837,0.651802933371294,0.6009365153444336,0.6456331966384413,0.5562398340504259,Actual
UKR,Ukraine,Europe,Digital Infrastructure,0.8177752462282868,0.8554573903342398,0.7800931021223337,0.6009365153444336,0.6456331966384413,0.5562398340504259,Actual
UKR,Ukraine,Europe,Economic Fragility,0.7829102433011741,0.8350702924053265,0.7307501941970217,0.6009365153444336,0.6456331966384413,0.5562398340504259,Actual
UKR,Ukraine,Europe,Food Security,0.7701449938658707,0.7968416302260364,0.7434483575057049,0.6009365153444336,0.6456331966384413,0.5562398340504259,Actual
UKR,Ukraine,Europe,Healthcare,0.438296487596965,0.45952034450880064,0.41707263068512934,0.6009365153444336,0.6456331966384413,0.5562398340504259,Actual
UKR,Ukraine,Europe,Political Stability,0.11713334633473949,0.21999490624840773,0.014271786421071228,0.6009365153444336,0.6456331966384413,0.5562398340504259,Actual
URY,Uruguay,South America,Climate & Energy,0.7486764158421657,0.7585277828541658,0.7388250488301656,0.7242491094790061,0.7539508247565716,0.6945473942014407,Actual
URY,Uruguay,South America,Digital Infrastructure,1.0,1.0,1.0,0.7242491094790061,0.7539508247565716,0.6945473942014407,Actual
URY,Uruguay,South America,Economic Fragility,0.6989633898835217,0.7275732555740276,0.6703535241930157,0.7242491094790061,0.7539508247565716,0.6945473942014407,Actual
URY,Uruguay,South America,Food Security,0.749900226254391,0.8023737767075375,0.6974266758012445,0.7242491094790061,0.7539508247565716,0.6945473942014407,Actual
URY,Uruguay,South America,Healthcare,0.2813364901153914,0.35028637526105183,0.212386604969731,0.7242491094790061,0.7539508247565716,0.6945473942014407,Actual
URY,Uruguay,South America,Political Stability,0.8666181347785669,0.8849437581426465,0.8482925114144872,0.7242491094790061,0.7539508247565716,0.6945473942014407,Actual
USA,United States,North America,Climate & Energy,0.7081437497878023,0.7382705342262419,0.6780169653493626,0.7604442281656641,0.7906883227706022,0.7302001335607261,Actual
USA,United States,North America,Digital Infrastructure,1.0,1.0,1.0,0.7604442281656641,0.7906883227706022,0.7302001335607261,Actual
USA,United States,North America,Economic Fragility,0.7142315632793821,0.7289639423866053,0.6994991841721588,0.7604442281656641,0.7906883227706022,0.7302001335607261,Actual
USA,United States,North America,Food Security,0.8733462961273051,0.8845928563083995,0.8620997359462107,0.7604442281656641,0.7906883227706022,0.7302001335607261,Actual
USA,United States,North America,Healthcare,0.6335876284994768,0.7020337744979234,0.5651414825010302,0.7604442281656641,0.7906883227706022,0.7302001335607261,Actual
USA,United States,North America,Political Stability,0.6333561313000189,0.690268829204443,0.5764434333955948,0.7604442281656641,0.7906883227706022,0.7302001335607261,Actual
UZB,Uzbekistan,Central Asia,Climate & Energy,0.6159855314531617,0.6391270467481855,0.5928440161581379,0.6924345688767848,0.7425740322477146,0.6343204003573198,Actual
UZB,Uzbekistan,Central Asia,Digital Infrastructure,0.8002338837406526,0.8780130499799875,0.7224547175013177,0.6924345688767848,0.7425740322477146,0.6343204003573198,Actual
UZB,Uzbekistan,Central Asia,Economic Fragility,0.8022755525288048,0.8634017947638956,0.741149310293714,0.6924345688767848,0.7425740322477146,0.6343204003573198,Actual
UZB,Uzbekistan,Central Asia,Food Security,0.9398009258620945,1.0,0.8317536208329777,0.6924345688767848,0.7425740322477146,0.6343204003573198,Actual
UZB,Uzbekistan,Central Asia,Healthcare,0.2813085245050646,0.30509170700780963,0.2575253420023196,0.6924345688767848,0.7425740322477146,0.6343204003573198,Actual
UZB,Uzbekistan,Central Asia,Political Stability,0.7150029951709307,0.769810594986409,0.6601953953554524,0.6924345688767848,0.7425740322477146,0.6343204003573198,Actual
VNM,Viet Nam,East Asia,Climate & Energy,0.7492061945958017,0.7660979292939544,0.7323144598976491,0.6426310457880571,0.6621087009371258,0.6231533906389883,Actual
VNM,Viet Nam,East Asia,Digital Infrastructure,0.7951247958656182,0.8267232430923337,0.7635263486389028,0.6426310457880571,0.6621087009371258,0.6231533906389883,Actual
VNM,Viet Nam,East Asia,Economic Fragility,0.6903092198384576,0.7064636501507577,0.6741547895261575,0.6426310457880571,0.6621087009371258,0.6231533906389883,Actual
VNM,Viet Nam,East Asia,Food Security,0.8458475831468606,0.863766238862914,0.8279289274308071,0.6426310457880571,0.6621087009371258,0.6231533906389883,Actual
VNM,Viet Nam,East Asia,Healthcare,0.19310923111196665,0.20787479684472931,0.17834366537920399,0.6426310457880571,0.6621087009371258,0.6231533906389883,Actual
VNM,Viet Nam,East Asia,Political Stability,0.5821892501696375,0.6017263473780656,0.5626521529612094,0.6426310457880571,0.6621087009371258,0.6231533906389883,Actual
ZMB,Zambia,Africa,Climate & Energy,0.41558121588009334,0.4638134898608005,0.36734894189938616,0.45281717456178994,0.49579493393416924,0.4098394151894105,Actual
ZMB,Zambia,Africa,Digital Infrastructure,0.16860803627418974,0.19149989954550295,0.14571617300287654,0.45281717456178994,0.49579493393416924,0.4098394151894105,Actual
ZMB,Zambia,Africa,Economic Fragility,0.7074323209463245,0.7252194370760163,0.6896452048166326,0.45281717456178994,0.49579493393416924,0.4098394151894105,Actual
ZMB,Zambia,Africa,Food Security,0.61860107470023,0.698432953561657,0.5387691958388029,0.45281717456178994,0.49579493393416924,0.4098394151894105,Actual
ZMB,Zambia,Africa,Healthcare,0.1505928747859575,0.19286624920607542,0.1083195003658396,0.45281717456178994,0.49579493393416924,0.4098394151894105,Actual
ZMB,Zambia,Africa,Political Stability,0.6560875247839444,0.7029375743549634,0.6092374752129254,0.45281717456178994,0.49579493393416924,0.4098394151894105,Actual
